id,name,value_id,value_name,value_struct,values,value_type,site_id,title,seller_id,category_id,official_store_id,price,base_price,original_price,currency_id,initial_quantity,catalog_product_id
MLA1597574484,Tipo de garantía,2230280,Garantía del vendedor,,"[{'id': '2230280', 'name': 'Garantía del vendedor', 'struct': None}]",list,MLA,Parlante Google Home Mini Asistente Virtual Refabricado,284824585,MLA409415,,69990.0,69990.0,,ARS,177,MLA15541914
MLA1597574484,Tiempo de garantía,,3 meses,"{'number': 3, 'unit': 'meses'}","[{'id': None, 'name': '3 meses', 'struct': {'number': 3, 'unit': 'meses'}}]",number_unit,MLA,Parlante Google Home Mini Asistente Virtual Refabricado,284824585,MLA409415,,69990.0,69990.0,,ARS,177,MLA15541914
MLA926322306,Tiempo de garantía,,12 meses,"{'number': 12, 'unit': 'meses'}","[{'id': None, 'name': '12 meses', 'struct': {'number': 12, 'unit': 'meses'}}]",number_unit,MLA,"Google Nest Hub Con Asistente Virtual Google Assistant, Pantalla Integrada De 7  Charcoal 110/220v",86543122,MLA409415,,315000.0,315000.0,,ARS,5,MLA15532617
MLA926322306,Tipo de garantía,2230279,Garantía de fábrica,,"[{'id': '2230279', 'name': 'Garantía de fábrica', 'struct': None}]",list,MLA,"Google Nest Hub Con Asistente Virtual Google Assistant, Pantalla Integrada De 7  Charcoal 110/220v",86543122,MLA409415,,315000.0,315000.0,,ARS,5,MLA15532617
MLA930506223,Tipo de garantía,2230280,Garantía del vendedor,,"[{'id': '2230280', 'name': 'Garantía del vendedor', 'struct': None}]",list,MLA,Soporte Montaje Embutido Pared Google Home Hub Mountgenie,86543122,MLA409415,,19900.0,19900.0,,ARS,50,
MLA930506223,Tiempo de garantía,,2 años,"{'number': 2, 'unit': 'años'}","[{'id': None, 'name': '2 años', 'struct': {'number': 2, 'unit': 'años'}}]",number_unit,MLA,Soporte Montaje Embutido Pared Google Home Hub Mountgenie,86543122,MLA409415,,19900.0,19900.0,,ARS,50,
MLA1400506527,Tipo de garantía,2230280,Garantía del vendedor,,"[{'id': '2230280', 'name': 'Garantía del vendedor', 'struct': None}]",list,MLA,Google Home Mini Multi-room Google Assistant Refabricado,284824585,MLA409415,,84990.0,84990.0,,ARS,1,MLA15541914
MLA1400506527,Tiempo de garantía,,3 meses,"{'number': 3, 'unit': 'meses'}","[{'id': None, 'name': '3 meses', 'struct': {'number': 3, 'unit': 'meses'}}]",number_unit,MLA,Google Home Mini Multi-room Google Assistant Refabricado,284824585,MLA409415,,84990.0,84990.0,,ARS,1,MLA15541914
MLA2011107376,Tiempo de garantía,,30 días,"{'number': 30, 'unit': 'días'}","[{'id': None, 'name': '30 días', 'struct': {'number': 30, 'unit': 'días'}}]",number_unit,MLA,Prte Pared 45º Ggle Hme Hub 138x60mm Nextsale Clr Negr,738783679,MLA409415,133542,10900.0,10900.0,,ARS,12997,MLA45574146
MLA2011107376,Tipo de garantía,2230279,Garantía de fábrica,,"[{'id': '2230279', 'name': 'Garantía de fábrica', 'struct': None}]",list,MLA,Prte Pared 45º Ggle Hme Hub 138x60mm Nextsale Clr Negr,738783679,MLA409415,133542,10900.0,10900.0,,ARS,12997,MLA45574146
MLA1110314122,Tipo de garantía,2230279,Garantía de fábrica,,"[{'id': '2230279', 'name': 'Garantía de fábrica', 'struct': None}]",list,MLA,Soporte Pared 45º Google Home Hub Base 138x60mm Nextsale,738783679,MLA409415,133542,10900.0,10900.0,,ARS,25998,MLA45574145
MLA1110314122,Tiempo de garantía,,30 días,"{'number': 30, 'unit': 'días'}","[{'id': None, 'name': '30 días', 'struct': {'number': 30, 'unit': 'días'}}]",number_unit,MLA,Soporte Pared 45º Google Home Hub Base 138x60mm Nextsale,738783679,MLA409415,133542,10900.0,10900.0,,ARS,25998,MLA45574145
MLA1400539531,Tipo de garantía,2230280,Garantía del vendedor,,"[{'id': '2230280', 'name': 'Garantía del vendedor', 'struct': None}]",list,MLA,Google Home Mini Asistente Virtual Google Assistant Ref,284824585,MLA409415,,64990.0,64990.0,,ARS,3,MLA15541914
MLA1400539531,Tiempo de garantía,,3 meses,"{'number': 3, 'unit': 'meses'}","[{'id': None, 'name': '3 meses', 'struct': {'number': 3, 'unit': 'meses'}}]",number_unit,MLA,Google Home Mini Asistente Virtual Google Assistant Ref,284824585,MLA409415,,64990.0,64990.0,,ARS,3,MLA15541914
MLA1110377590,Tipo de garantía,2230279,Garantía de fábrica,,"[{'id': '2230279', 'name': 'Garantía de fábrica', 'struct': None}]",list,MLA,Soporte De Pared Google Mini Home / Nest Mini 2da Generacion,738783679,MLA409415,133542,10900.0,10900.0,,ARS,38957,
MLA1110377590,Tiempo de garantía,,30 días,"{'number': 30, 'unit': 'días'}","[{'id': None, 'name': '30 días', 'struct': {'number': 30, 'unit': 'días'}}]",number_unit,MLA,Soporte De Pared Google Mini Home / Nest Mini 2da Generacion,738783679,MLA409415,133542,10900.0,10900.0,,ARS,38957,
MLA1480178625,Tipo de garantía,6150835,Sin garantía,,"[{'id': '6150835', 'name': 'Sin garantía', 'struct': None}]",list,MLA,"Google Home Mini, Muy Buen Estado, Anda Perfecto. Leer!!!",49070819,MLA409415,,74000.0,74000.0,,ARS,1,MLA15541914
MLA1569955706,Tipo de garantía,2230279,Garantía de fábrica,,"[{'id': '2230279', 'name': 'Garantía de fábrica', 'struct': None}]",list,MLA,Google Home Asistente Virtual Google Assistant White Y Slate,781556525,MLA409415,,220000.0,220000.0,,ARS,1,MLA15536758
MLA1569955706,Tiempo de garantía,,3 meses,"{'number': 3, 'unit': 'meses'}","[{'id': None, 'name': '3 meses', 'struct': {'number': 3, 'unit': 'meses'}}]",number_unit,MLA,Google Home Asistente Virtual Google Assistant White Y Slate,781556525,MLA409415,,220000.0,220000.0,,ARS,1,MLA15536758
MLA1364551668,Tipo de garantía,2230280,Garantía del vendedor,,"[{'id': '2230280', 'name': 'Garantía del vendedor', 'struct': None}]",list,MLA,Parlante Inteligente Google Home Mini  Youtube Usado Gris,284824585,MLA409415,,58990.0,58990.0,,ARS,4,MLA15541914
MLA1364551668,Tiempo de garantía,,3 meses,"{'number': 3, 'unit': 'meses'}","[{'id': None, 'name': '3 meses', 'struct': {'number': 3, 'unit': 'meses'}}]",number_unit,MLA,Parlante Inteligente Google Home Mini  Youtube Usado Gris,284824585,MLA409415,,58990.0,58990.0,,ARS,4,MLA15541914
MLA1361515563,Tipo de garantía,2230280,Garantía del vendedor,,"[{'id': '2230280', 'name': 'Garantía del vendedor', 'struct': None}]",list,MLA,Parlante Inteligente Google Home Mini Smart Speaker Spotify,119914491,MLA409415,,58990.0,58990.0,,ARS,5,MLA15541914
MLA1361515563,Tiempo de garantía,,3 meses,"{'number': 3, 'unit': 'meses'}","[{'id': None, 'name': '3 meses', 'struct': {'number': 3, 'unit': 'meses'}}]",number_unit,MLA,Parlante Inteligente Google Home Mini Smart Speaker Spotify,119914491,MLA409415,,58990.0,58990.0,,ARS,5,MLA15541914
MLA1361528507,Tipo de garantía,2230280,Garantía del vendedor,,"[{'id': '2230280', 'name': 'Garantía del vendedor', 'struct': None}]",list,MLA,Parlante Inteligente Google Home Mini Smart Speaker Gris Yt,309453406,MLA409415,,62990.0,62990.0,,ARS,3,MLA15541914
MLA1361528507,Tiempo de garantía,,3 meses,"{'number': 3, 'unit': 'meses'}","[{'id': None, 'name': '3 meses', 'struct': {'number': 3, 'unit': 'meses'}}]",number_unit,MLA,Parlante Inteligente Google Home Mini Smart Speaker Gris Yt,309453406,MLA409415,,62990.0,62990.0,,ARS,3,MLA15541914
MLA2030523082,Tipo de garantía,6150835,Sin garantía,,"[{'id': '6150835', 'name': 'Sin garantía', 'struct': None}]",list,MLA,Google Home Mini Google Assistant Gris Gris,57556659,MLA409415,,50000.0,50000.0,,ARS,1,MLA15541916
MLA1412480803,Tipo de garantía,6150835,Sin garantía,,"[{'id': '6150835', 'name': 'Sin garantía', 'struct': None}]",list,MLA,Google Home Mini Negro,112541789,MLA409415,,90000.0,90000.0,,ARS,1,MLA15541914
MLA1820484428,Tipo de garantía,6150835,Sin garantía,,"[{'id': '6150835', 'name': 'Sin garantía', 'struct': None}]",list,MLA,Google Home Mini Con Asistente Virtual Charcoal 110v/220v,5971698,MLA409415,,89999.0,89999.0,,ARS,1,MLA15541914
MLA1437520249,Tipo de garantía,6150835,Sin garantía,,"[{'id': '6150835', 'name': 'Sin garantía', 'struct': None}]",list,MLA,Google Home Mini Con Asistente Virtual Color Negro,1347881976,MLA409415,,159999.0,159999.0,,ARS,1,MLA15541914
MLA1807784940,Tipo de garantía,6150835,Sin garantía,,"[{'id': '6150835', 'name': 'Sin garantía', 'struct': None}]",list,MLA,Google Home Mini Con Asistente Virtual,83961287,MLA409415,,99000.0,99000.0,,ARS,1,MLA15541914
MLA2031700670,Tipo de garantía,6150835,Sin garantía,,"[{'id': '6150835', 'name': 'Sin garantía', 'struct': None}]",list,MLA,Google Home Asistente Virtual Google Assistant White Y Slate,21109630,MLA409415,,100000.0,100000.0,,ARS,1,
MLA2026121084,Cantidad máxima de compra,PURCHASE_MAX_QUANTITY,1,,"[{'id': 'PURCHASE_MAX_QUANTITY', 'name': '1', 'struct': None}]",number,MLA,Google Home Mini Asistente Google (no Es Reacondicionado) Negro,98021796,MLA409415,,50000.0,50000.0,,ARS,1,MLA15541915
MLA2026121084,Tipo de garantía,6150835,Sin garantía,,"[{'id': '6150835', 'name': 'Sin garantía', 'struct': None}]",list,MLA,Google Home Mini Asistente Google (no Es Reacondicionado) Negro,98021796,MLA409415,,50000.0,50000.0,,ARS,1,MLA15541915
MLA1480304633,Tipo de garantía,6150835,Sin garantía,,"[{'id': '6150835', 'name': 'Sin garantía', 'struct': None}]",list,MLA,Google Home Max Color Chalk 110/220v Wifi,190623473,MLA409415,,800000.0,800000.0,,ARS,1,MLA15707494
MLA1474936661,Tipo de garantía,6150835,Sin garantía,,"[{'id': '6150835', 'name': 'Sin garantía', 'struct': None}]",list,MLA,Google Home Mini Con Google Assistant Chalk 110/220v Chalk,59352425,MLA409415,,39999.0,39999.0,,ARS,1,MLA15541916
MLA1364191101,Facturación,6891885,Factura A,,"[{'id': '6891885', 'name': 'Factura A', 'struct': None}]",list,MLA,Amazon Lite Fire Tv Stick B091g4yp57 De Voz Full Hd 8gb Negro Con 1gb De Memoria Ram,541665065,MLA352001,,57985.0,57985.0,,ARS,557,MLA19732185
MLA1364191101,Tipo de garantía,2230280,Garantía del vendedor,,"[{'id': '2230280', 'name': 'Garantía del vendedor', 'struct': None}]",list,MLA,Amazon Lite Fire Tv Stick B091g4yp57 De Voz Full Hd 8gb Negro Con 1gb De Memoria Ram,541665065,MLA352001,,57985.0,57985.0,,ARS,557,MLA19732185
MLA1364191101,Tiempo de garantía,,6 meses,"{'number': 6, 'unit': 'meses'}","[{'id': None, 'name': '6 meses', 'struct': {'number': 6, 'unit': 'meses'}}]",number_unit,MLA,Amazon Lite Fire Tv Stick B091g4yp57 De Voz Full Hd 8gb Negro Con 1gb De Memoria Ram,541665065,MLA352001,,57985.0,57985.0,,ARS,557,MLA19732185
MLA1974011366,Tipo de garantía,6150835,Sin garantía,,"[{'id': '6150835', 'name': 'Sin garantía', 'struct': None}]",list,MLA,Table Amazon Fire 7 2022 16gb Negro - Bestmart,1002842391,MLA82085,,99999.0,99999.0,,ARS,36,MLA24594596
MLA1974011366,Facturación,6891885,Factura A,,"[{'id': '6891885', 'name': 'Factura A', 'struct': None}]",list,MLA,Table Amazon Fire 7 2022 16gb Negro - Bestmart,1002842391,MLA82085,,99999.0,99999.0,,ARS,36,MLA24594596
MLA1374156562,Facturación,6891885,Factura A,,"[{'id': '6891885', 'name': 'Factura A', 'struct': None}]",list,MLA,Fire Tv Stick 4k 2023 Compatible Wifi 6 Con 2gb De Ram Color Negro Tipo De Control Remoto Control De Voz,541665065,MLA352001,,79999.0,79999.0,,ARS,337,MLA28024922
MLA1374156562,Tipo de garantía,2230280,Garantía del vendedor,,"[{'id': '2230280', 'name': 'Garantía del vendedor', 'struct': None}]",list,MLA,Fire Tv Stick 4k 2023 Compatible Wifi 6 Con 2gb De Ram Color Negro Tipo De Control Remoto Control De Voz,541665065,MLA352001,,79999.0,79999.0,,ARS,337,MLA28024922
MLA1374156562,Tiempo de garantía,,6 meses,"{'number': 6, 'unit': 'meses'}","[{'id': None, 'name': '6 meses', 'struct': {'number': 6, 'unit': 'meses'}}]",number_unit,MLA,Fire Tv Stick 4k 2023 Compatible Wifi 6 Con 2gb De Ram Color Negro Tipo De Control Remoto Control De Voz,541665065,MLA352001,,79999.0,79999.0,,ARS,337,MLA28024922
MLA1985451844,Tiempo de garantía,,6 meses,"{'number': 6, 'unit': 'meses'}","[{'id': None, 'name': '6 meses', 'struct': {'number': 6, 'unit': 'meses'}}]",number_unit,MLA,Tablet 2021 Kftrwi 10.1  32gb Color Black 3gb De Memoria Ram,1134507620,MLA82085,,179899.0,179899.0,,ARS,12,MLA18477990
MLA1985451844,Facturación,6891885,Factura A,,"[{'id': '6891885', 'name': 'Factura A', 'struct': None}]",list,MLA,Tablet 2021 Kftrwi 10.1  32gb Color Black 3gb De Memoria Ram,1134507620,MLA82085,,179899.0,179899.0,,ARS,12,MLA18477990
MLA1985451844,Tipo de garantía,2230280,Garantía del vendedor,,"[{'id': '2230280', 'name': 'Garantía del vendedor', 'struct': None}]",list,MLA,Tablet 2021 Kftrwi 10.1  32gb Color Black 3gb De Memoria Ram,1134507620,MLA82085,,179899.0,179899.0,,ARS,12,MLA18477990
MLA2013327302,Tiempo de garantía,,6 meses,"{'number': 6, 'unit': 'meses'}","[{'id': None, 'name': '6 meses', 'struct': {'number': 6, 'unit': 'meses'}}]",number_unit,MLA,Amazon Fire Tv Stick 4k Ultra Hd Max 16gb 2nda Generación Wi-fi 6e Color Negro Tipo De Control Remoto Estándar,821536236,MLA352001,,92292.0,92292.0,,ARS,50,MLA29627884
MLA2013327302,Tipo de garantía,2230279,Garantía de fábrica,,"[{'id': '2230279', 'name': 'Garantía de fábrica', 'struct': None}]",list,MLA,Amazon Fire Tv Stick 4k Ultra Hd Max 16gb 2nda Generación Wi-fi 6e Color Negro Tipo De Control Remoto Estándar,821536236,MLA352001,,92292.0,92292.0,,ARS,50,MLA29627884
MLA2013327302,Facturación,6891885,Factura A,,"[{'id': '6891885', 'name': 'Factura A', 'struct': None}]",list,MLA,Amazon Fire Tv Stick 4k Ultra Hd Max 16gb 2nda Generación Wi-fi 6e Color Negro Tipo De Control Remoto Estándar,821536236,MLA352001,,92292.0,92292.0,,ARS,50,MLA29627884
MLA1475829301,Facturación,6891885,Factura A,,"[{'id': '6891885', 'name': 'Factura A', 'struct': None}]",list,MLA,Tablet Amazon Fire Hd 10 2023 10.1 32gb 3gb Ram - Ocean,69526727,MLA82085,,173000.0,173000.0,,ARS,26,MLA39329901
MLA1475829301,Tiempo de garantía,,12 meses,"{'number': 12, 'unit': 'meses'}","[{'id': None, 'name': '12 meses', 'struct': {'number': 12, 'unit': 'meses'}}]",number_unit,MLA,Tablet Amazon Fire Hd 10 2023 10.1 32gb 3gb Ram - Ocean,69526727,MLA82085,,173000.0,173000.0,,ARS,26,MLA39329901
MLA1475829301,Tipo de garantía,2230280,Garantía del vendedor,,"[{'id': '2230280', 'name': 'Garantía del vendedor', 'struct': None}]",list,MLA,Tablet Amazon Fire Hd 10 2023 10.1 32gb 3gb Ram - Ocean,69526727,MLA82085,,173000.0,173000.0,,ARS,26,MLA39329901
MLA2015617032,Tipo de garantía,2230280,Garantía del vendedor,,"[{'id': '2230280', 'name': 'Garantía del vendedor', 'struct': None}]",list,MLA,Amazon Fire Tv Stick Lite Control Por Voz Alexa Fhd 1080p Color Negro Tipo De Control Remoto De Voz,818336673,MLA352001,,73299.0,73299.0,,ARS,30,MLA24588486
MLA2015617032,Tiempo de garantía,,6 meses,"{'number': 6, 'unit': 'meses'}","[{'id': None, 'name': '6 meses', 'struct': {'number': 6, 'unit': 'meses'}}]",number_unit,MLA,Amazon Fire Tv Stick Lite Control Por Voz Alexa Fhd 1080p Color Negro Tipo De Control Remoto De Voz,818336673,MLA352001,,73299.0,73299.0,,ARS,30,MLA24588486
MLA2015617032,Facturación,6891885,Factura A,,"[{'id': '6891885', 'name': 'Factura A', 'struct': None}]",list,MLA,Amazon Fire Tv Stick Lite Control Por Voz Alexa Fhd 1080p Color Negro Tipo De Control Remoto De Voz,818336673,MLA352001,,73299.0,73299.0,,ARS,30,MLA24588486
MLA1999036306,Tipo de garantía,6150835,Sin garantía,,"[{'id': '6150835', 'name': 'Sin garantía', 'struct': None}]",list,MLA,Tablet 2021 Kftrwi 10.1  32gb Color Olive 3gb De Memoria Ram,39619635,MLA82085,135022,182420.0,182420.0,,ARS,8,MLA18477993
MLA1999036306,Facturación,6891885,Factura A,,"[{'id': '6891885', 'name': 'Factura A', 'struct': None}]",list,MLA,Tablet 2021 Kftrwi 10.1  32gb Color Olive 3gb De Memoria Ram,39619635,MLA82085,135022,182420.0,182420.0,,ARS,8,MLA18477993
MLA1940824290,Tipo de garantía,2230280,Garantía del vendedor,,"[{'id': '2230280', 'name': 'Garantía del vendedor', 'struct': None}]",list,MLA,Amazon Fire Tv Stick 4k Max 16 Gb Wifi 6 Ultra Rápido Color Negro,621229920,MLA352001,74930,124941.84,124941.84,,ARS,110,MLA29525405
MLA1940824290,Tiempo de garantía,,6 meses,"{'number': 6, 'unit': 'meses'}","[{'id': None, 'name': '6 meses', 'struct': {'number': 6, 'unit': 'meses'}}]",number_unit,MLA,Amazon Fire Tv Stick 4k Max 16 Gb Wifi 6 Ultra Rápido Color Negro,621229920,MLA352001,74930,124941.84,124941.84,,ARS,110,MLA29525405
MLA1940824290,Facturación,6891885,Factura A,,"[{'id': '6891885', 'name': 'Factura A', 'struct': None}]",list,MLA,Amazon Fire Tv Stick 4k Max 16 Gb Wifi 6 Ultra Rápido Color Negro,621229920,MLA352001,74930,124941.84,124941.84,,ARS,110,MLA29525405
MLA1467319145,Facturación,6891885,Factura A,,"[{'id': '6891885', 'name': 'Factura A', 'struct': None}]",list,MLA,Tablet 2019 Kfmawi 10.1  64gb Color White 2gb De Memoria Ram,315567563,MLA82085,,148361.0,148361.0,,ARS,22,MLA16933602
MLA1467319145,Tipo de garantía,2230280,Garantía del vendedor,,"[{'id': '2230280', 'name': 'Garantía del vendedor', 'struct': None}]",list,MLA,Tablet 2019 Kfmawi 10.1  64gb Color White 2gb De Memoria Ram,315567563,MLA82085,,148361.0,148361.0,,ARS,22,MLA16933602
MLA1467319145,Tiempo de garantía,,6 meses,"{'number': 6, 'unit': 'meses'}","[{'id': None, 'name': '6 meses', 'struct': {'number': 6, 'unit': 'meses'}}]",number_unit,MLA,Tablet 2019 Kfmawi 10.1  64gb Color White 2gb De Memoria Ram,315567563,MLA82085,,148361.0,148361.0,,ARS,22,MLA16933602
MLA2004113656,Tipo de garantía,2230280,Garantía del vendedor,,"[{'id': '2230280', 'name': 'Garantía del vendedor', 'struct': None}]",list,MLA,"Tv Stick/smart Tv Android 4k, Wi-fi, Hdmi, Transmisión En Color Negro, Control Remoto Tipo Mini",181632640,MLA352001,,55170.0,55170.0,,ARS,100,MLA33388968
MLA2004113656,Tiempo de garantía,,30 días,"{'number': 30, 'unit': 'días'}","[{'id': None, 'name': '30 días', 'struct': {'number': 30, 'unit': 'días'}}]",number_unit,MLA,"Tv Stick/smart Tv Android 4k, Wi-fi, Hdmi, Transmisión En Color Negro, Control Remoto Tipo Mini",181632640,MLA352001,,55170.0,55170.0,,ARS,100,MLA33388968
MLA2004113656,Facturación,6891888,No factura,,"[{'id': '6891888', 'name': 'No factura', 'struct': None}]",list,MLA,"Tv Stick/smart Tv Android 4k, Wi-fi, Hdmi, Transmisión En Color Negro, Control Remoto Tipo Mini",181632640,MLA352001,,55170.0,55170.0,,ARS,100,MLA33388968
MLA1471319583,Tiempo de garantía,,30 días,"{'number': 30, 'unit': 'días'}","[{'id': None, 'name': '30 días', 'struct': {'number': 30, 'unit': 'días'}}]",number_unit,MLA,Amazon Fire Hd 10 13th Gen 2023 32gb Black 3gb Ram 2023 Color Negro,139052045,MLA82085,128708,186634.0,186634.0,,ARS,4,MLA29272473
MLA1471319583,Tipo de garantía,2230280,Garantía del vendedor,,"[{'id': '2230280', 'name': 'Garantía del vendedor', 'struct': None}]",list,MLA,Amazon Fire Hd 10 13th Gen 2023 32gb Black 3gb Ram 2023 Color Negro,139052045,MLA82085,128708,186634.0,186634.0,,ARS,4,MLA29272473
MLA1471319583,Facturación,6891885,Factura A,,"[{'id': '6891885', 'name': 'Factura A', 'struct': None}]",list,MLA,Amazon Fire Hd 10 13th Gen 2023 32gb Black 3gb Ram 2023 Color Negro,139052045,MLA82085,128708,186634.0,186634.0,,ARS,4,MLA29272473
MLA1481842051,Tiempo de garantía,,6 meses,"{'number': 6, 'unit': 'meses'}","[{'id': None, 'name': '6 meses', 'struct': {'number': 6, 'unit': 'meses'}}]",number_unit,MLA,Amazon Fire Tv Stick 4.ª Generación (2024) Alexa Voice Remote Hd Streaming Negro,541665065,MLA352001,,61999.0,61999.0,,ARS,47,MLA43918941
MLA1481842051,Tipo de garantía,2230280,Garantía del vendedor,,"[{'id': '2230280', 'name': 'Garantía del vendedor', 'struct': None}]",list,MLA,Amazon Fire Tv Stick 4.ª Generación (2024) Alexa Voice Remote Hd Streaming Negro,541665065,MLA352001,,61999.0,61999.0,,ARS,47,MLA43918941
MLA1481842051,Facturación,6891885,Factura A,,"[{'id': '6891885', 'name': 'Factura A', 'struct': None}]",list,MLA,Amazon Fire Tv Stick 4.ª Generación (2024) Alexa Voice Remote Hd Streaming Negro,541665065,MLA352001,,61999.0,61999.0,,ARS,47,MLA43918941
MLA1974024274,Tipo de garantía,6150835,Sin garantía,,"[{'id': '6150835', 'name': 'Sin garantía', 'struct': None}]",list,MLA,Tablet 2021 Kftrwi 10.1  32gb Color Denim 3gb De Memoria Ram,1002842391,MLA82085,,191915.0,191915.0,,ARS,10,MLA18477991
MLA1974024274,Facturación,6891885,Factura A,,"[{'id': '6891885', 'name': 'Factura A', 'struct': None}]",list,MLA,Tablet 2021 Kftrwi 10.1  32gb Color Denim 3gb De Memoria Ram,1002842391,MLA82085,,191915.0,191915.0,,ARS,10,MLA18477991
MLA1847811404,Tiempo de garantía,,30 días,"{'number': 30, 'unit': 'días'}","[{'id': None, 'name': '30 días', 'struct': {'number': 30, 'unit': 'días'}}]",number_unit,MLA,"Amazon Fire Tv Stick 4k Streaming, Con Alexa Voice Remote Color Negro",656691895,MLA352001,97394,91900.0,91900.0,,ARS,150,MLA24025713
MLA1847811404,Facturación,6891885,Factura A,,"[{'id': '6891885', 'name': 'Factura A', 'struct': None}]",list,MLA,"Amazon Fire Tv Stick 4k Streaming, Con Alexa Voice Remote Color Negro",656691895,MLA352001,97394,91900.0,91900.0,,ARS,150,MLA24025713
MLA1847811404,Tipo de garantía,2230280,Garantía del vendedor,,"[{'id': '2230280', 'name': 'Garantía del vendedor', 'struct': None}]",list,MLA,"Amazon Fire Tv Stick 4k Streaming, Con Alexa Voice Remote Color Negro",656691895,MLA352001,97394,91900.0,91900.0,,ARS,150,MLA24025713
MLA1434562673,Tipo de garantía,2230280,Garantía del vendedor,,"[{'id': '2230280', 'name': 'Garantía del vendedor', 'struct': None}]",list,MLA,"Tableta Fire Hd 8, 32 Gb , 2 Gb Ram, 12gen 2022 Azul",1443311053,MLA82085,,128000.0,128000.0,,ARS,42,MLA23619717
MLA1434562673,Tiempo de garantía,,6 meses,"{'number': 6, 'unit': 'meses'}","[{'id': None, 'name': '6 meses', 'struct': {'number': 6, 'unit': 'meses'}}]",number_unit,MLA,"Tableta Fire Hd 8, 32 Gb , 2 Gb Ram, 12gen 2022 Azul",1443311053,MLA82085,,128000.0,128000.0,,ARS,42,MLA23619717
MLA1434562673,Facturación,6891885,Factura A,,"[{'id': '6891885', 'name': 'Factura A', 'struct': None}]",list,MLA,"Tableta Fire Hd 8, 32 Gb , 2 Gb Ram, 12gen 2022 Azul",1443311053,MLA82085,,128000.0,128000.0,,ARS,42,MLA23619717
MLA1993247538,Tiempo de garantía,,5 días,"{'number': 5, 'unit': 'días'}","[{'id': None, 'name': '5 días', 'struct': {'number': 5, 'unit': 'días'}}]",number_unit,MLA,Tv Stick Wi-fi Smart Tv Android Hdmi Tv Box Fire,451730597,MLA352001,,57200.0,57200.0,,ARS,18,MLA41918674
MLA1993247538,Tipo de garantía,2230280,Garantía del vendedor,,"[{'id': '2230280', 'name': 'Garantía del vendedor', 'struct': None}]",list,MLA,Tv Stick Wi-fi Smart Tv Android Hdmi Tv Box Fire,451730597,MLA352001,,57200.0,57200.0,,ARS,18,MLA41918674
MLA1993247538,Facturación,6891888,No factura,,"[{'id': '6891888', 'name': 'No factura', 'struct': None}]",list,MLA,Tv Stick Wi-fi Smart Tv Android Hdmi Tv Box Fire,451730597,MLA352001,,57200.0,57200.0,,ARS,18,MLA41918674
MLA1469072337,Facturación,6891885,Factura A,,"[{'id': '6891885', 'name': 'Factura A', 'struct': None}]",list,MLA,"Tableta Fire Hd 8, 32 Gb , 2 Gb Ram, 12gen 2022",32331880,MLA82085,,125400.0,125400.0,,ARS,76,MLA22294466
MLA1469072337,Tiempo de garantía,,6 meses,"{'number': 6, 'unit': 'meses'}","[{'id': None, 'name': '6 meses', 'struct': {'number': 6, 'unit': 'meses'}}]",number_unit,MLA,"Tableta Fire Hd 8, 32 Gb , 2 Gb Ram, 12gen 2022",32331880,MLA82085,,125400.0,125400.0,,ARS,76,MLA22294466
MLA1469072337,Tipo de garantía,2230280,Garantía del vendedor,,"[{'id': '2230280', 'name': 'Garantía del vendedor', 'struct': None}]",list,MLA,"Tableta Fire Hd 8, 32 Gb , 2 Gb Ram, 12gen 2022",32331880,MLA82085,,125400.0,125400.0,,ARS,76,MLA22294466
MLA1472950683,Tipo de garantía,2230280,Garantía del vendedor,,"[{'id': '2230280', 'name': 'Garantía del vendedor', 'struct': None}]",list,MLA,Tv Stick 4k Wi-fi Smart Tv Color Negro,2145784420,MLA352001,,59990.0,59990.0,,ARS,126,MLA44250059
MLA1472950683,Tiempo de garantía,,30 días,"{'number': 30, 'unit': 'días'}","[{'id': None, 'name': '30 días', 'struct': {'number': 30, 'unit': 'días'}}]",number_unit,MLA,Tv Stick 4k Wi-fi Smart Tv Color Negro,2145784420,MLA352001,,59990.0,59990.0,,ARS,126,MLA44250059
MLA1472950683,Facturación,6891885,Factura A,,"[{'id': '6891885', 'name': 'Factura A', 'struct': None}]",list,MLA,Tv Stick 4k Wi-fi Smart Tv Color Negro,2145784420,MLA352001,,59990.0,59990.0,,ARS,126,MLA44250059
MLA1464756825,Facturación,6891885,Factura A,,"[{'id': '6891885', 'name': 'Factura A', 'struct': None}]",list,MLA,Tablet 2019 Kfmawi 10.1  32gb Color White 2gb De Memoria Ram,1066321495,MLA82085,,192999.0,192999.0,,ARS,1,MLA16933598
MLA1464756825,Tipo de garantía,2230279,Garantía de fábrica,,"[{'id': '2230279', 'name': 'Garantía de fábrica', 'struct': None}]",list,MLA,Tablet 2019 Kfmawi 10.1  32gb Color White 2gb De Memoria Ram,1066321495,MLA82085,,192999.0,192999.0,,ARS,1,MLA16933598
MLA1464756825,Tiempo de garantía,,3 meses,"{'number': 3, 'unit': 'meses'}","[{'id': None, 'name': '3 meses', 'struct': {'number': 3, 'unit': 'meses'}}]",number_unit,MLA,Tablet 2019 Kfmawi 10.1  32gb Color White 2gb De Memoria Ram,1066321495,MLA82085,,192999.0,192999.0,,ARS,1,MLA16933598
MLA1402912363,Tipo de garantía,2230280,Garantía del vendedor,,"[{'id': '2230280', 'name': 'Garantía del vendedor', 'struct': None}]",list,MLA,Amazon Fire Tv Stick 4k De Voz 2ª Generación 4k 8gb Negro1 Con 1.5gb De Memoria Ram,135917254,MLA352001,74984,89346.0,89346.0,,ARS,34,MLA14141341
MLA1402912363,Tiempo de garantía,,3 meses,"{'number': 3, 'unit': 'meses'}","[{'id': None, 'name': '3 meses', 'struct': {'number': 3, 'unit': 'meses'}}]",number_unit,MLA,Amazon Fire Tv Stick 4k De Voz 2ª Generación 4k 8gb Negro1 Con 1.5gb De Memoria Ram,135917254,MLA352001,74984,89346.0,89346.0,,ARS,34,MLA14141341
MLA1402912363,Facturación,6891885,Factura A,,"[{'id': '6891885', 'name': 'Factura A', 'struct': None}]",list,MLA,Amazon Fire Tv Stick 4k De Voz 2ª Generación 4k 8gb Negro1 Con 1.5gb De Memoria Ram,135917254,MLA352001,74984,89346.0,89346.0,,ARS,34,MLA14141341
MLA2003452526,Facturación,6891885,Factura A,,"[{'id': '6891885', 'name': 'Factura A', 'struct': None}]",list,MLA,Amazon Fire Hd 10 Tablet 10.1 3gb Ram 32gb 2023 Color Lila,19009036,MLA82085,,179999.0,179999.0,,ARS,4,MLA42469491
MLA2003452526,Tipo de garantía,2230279,Garantía de fábrica,,"[{'id': '2230279', 'name': 'Garantía de fábrica', 'struct': None}]",list,MLA,Amazon Fire Hd 10 Tablet 10.1 3gb Ram 32gb 2023 Color Lila,19009036,MLA82085,,179999.0,179999.0,,ARS,4,MLA42469491
MLA2003452526,Tiempo de garantía,,6 meses,"{'number': 6, 'unit': 'meses'}","[{'id': None, 'name': '6 meses', 'struct': {'number': 6, 'unit': 'meses'}}]",number_unit,MLA,Amazon Fire Hd 10 Tablet 10.1 3gb Ram 32gb 2023 Color Lila,19009036,MLA82085,,179999.0,179999.0,,ARS,4,MLA42469491
MLA1476012743,Tipo de garantía,2230280,Garantía del vendedor,,"[{'id': '2230280', 'name': 'Garantía del vendedor', 'struct': None}]",list,MLA,Android Tv Stick De 128 Gb,2145784420,MLA352001,,62871.0,62871.0,,ARS,100,MLA41327374
MLA1476012743,Tiempo de garantía,,30 días,"{'number': 30, 'unit': 'días'}","[{'id': None, 'name': '30 días', 'struct': {'number': 30, 'unit': 'días'}}]",number_unit,MLA,Android Tv Stick De 128 Gb,2145784420,MLA352001,,62871.0,62871.0,,ARS,100,MLA41327374
MLA1476012743,Facturación,6891885,Factura A,,"[{'id': '6891885', 'name': 'Factura A', 'struct': None}]",list,MLA,Android Tv Stick De 128 Gb,2145784420,MLA352001,,62871.0,62871.0,,ARS,100,MLA41327374
MLA2020278430,Tipo de garantía,6150835,Sin garantía,,"[{'id': '6150835', 'name': 'Sin garantía', 'struct': None}]",list,MLA,Tableta Amazon Fire Hd8 Con Pantalla De 16 Gb Y 8 De Octava Generación,189131718,MLA82085,,160000.0,160000.0,,ARS,2,MLA23081672
MLA2020278430,Facturación,6891885,Factura A,,"[{'id': '6891885', 'name': 'Factura A', 'struct': None}]",list,MLA,Tableta Amazon Fire Hd8 Con Pantalla De 16 Gb Y 8 De Octava Generación,189131718,MLA82085,,160000.0,160000.0,,ARS,2,MLA23081672
MLA1480866039,Tipo de garantía,2230279,Garantía de fábrica,,"[{'id': '2230279', 'name': 'Garantía de fábrica', 'struct': None}]",list,MLA,Amazon Fire Tv Stick De Voz 3gen Full Hd 8gb Negro Con 1gb De Ram,2084911738,MLA352001,,75590.0,75590.0,,ARS,75,MLA18593745
MLA1480866039,Tiempo de garantía,,6 meses,"{'number': 6, 'unit': 'meses'}","[{'id': None, 'name': '6 meses', 'struct': {'number': 6, 'unit': 'meses'}}]",number_unit,MLA,Amazon Fire Tv Stick De Voz 3gen Full Hd 8gb Negro Con 1gb De Ram,2084911738,MLA352001,,75590.0,75590.0,,ARS,75,MLA18593745
MLA1480866039,Facturación,6891885,Factura A,,"[{'id': '6891885', 'name': 'Factura A', 'struct': None}]",list,MLA,Amazon Fire Tv Stick De Voz 3gen Full Hd 8gb Negro Con 1gb De Ram,2084911738,MLA352001,,75590.0,75590.0,,ARS,75,MLA18593745
MLA1982307998,Tipo de garantía,2230280,Garantía del vendedor,,"[{'id': '2230280', 'name': 'Garantía del vendedor', 'struct': None}]",list,MLA,Tableta Amazon Fire 7 Kids 3-7 Años Wifi 16gb 2022 Colores Color Red,1280164505,MLA82085,114980,195000.01,195000.01,,ARS,21,MLA26199150
MLA1982307998,Tiempo de garantía,,30 días,"{'number': 30, 'unit': 'días'}","[{'id': None, 'name': '30 días', 'struct': {'number': 30, 'unit': 'días'}}]",number_unit,MLA,Tableta Amazon Fire 7 Kids 3-7 Años Wifi 16gb 2022 Colores Color Red,1280164505,MLA82085,114980,195000.01,195000.01,,ARS,21,MLA26199150
MLA1982307998,Facturación,6891885,Factura A,,"[{'id': '6891885', 'name': 'Factura A', 'struct': None}]",list,MLA,Tableta Amazon Fire 7 Kids 3-7 Años Wifi 16gb 2022 Colores Color Red,1280164505,MLA82085,114980,195000.01,195000.01,,ARS,21,MLA26199150
MLA1476279481,Facturación,6891885,Factura A,,"[{'id': '6891885', 'name': 'Factura A', 'struct': None}]",list,MLA,Amazon Fire Tv Stick Hd 4a Generación Con Comandos De Voz Negro 1gb Ram,37761986,MLA352001,,77768.99,77768.99,,ARS,7,MLA44218605
MLA1476279481,Tipo de garantía,2230280,Garantía del vendedor,,"[{'id': '2230280', 'name': 'Garantía del vendedor', 'struct': None}]",list,MLA,Amazon Fire Tv Stick Hd 4a Generación Con Comandos De Voz Negro 1gb Ram,37761986,MLA352001,,77768.99,77768.99,,ARS,7,MLA44218605
MLA1476279481,Tiempo de garantía,,6 meses,"{'number': 6, 'unit': 'meses'}","[{'id': None, 'name': '6 meses', 'struct': {'number': 6, 'unit': 'meses'}}]",number_unit,MLA,Amazon Fire Tv Stick Hd 4a Generación Con Comandos De Voz Negro 1gb Ram,37761986,MLA352001,,77768.99,77768.99,,ARS,7,MLA44218605
MLA1122221595,Tipo de garantía,2230280,Garantía del vendedor,,"[{'id': '2230280', 'name': 'Garantía del vendedor', 'struct': None}]",list,MLA,Tablet 2020 Kfonwi 8  32gb Color Twilight Blue 2gb De Memoria Ram,69526727,MLA82085,,119000.0,119000.0,,ARS,23,MLA16064584
MLA1122221595,Tiempo de garantía,,6 meses,"{'number': 6, 'unit': 'meses'}","[{'id': None, 'name': '6 meses', 'struct': {'number': 6, 'unit': 'meses'}}]",number_unit,MLA,Tablet 2020 Kfonwi 8  32gb Color Twilight Blue 2gb De Memoria Ram,69526727,MLA82085,,119000.0,119000.0,,ARS,23,MLA16064584
MLA1122221595,Facturación,6891885,Factura A,,"[{'id': '6891885', 'name': 'Factura A', 'struct': None}]",list,MLA,Tablet 2020 Kfonwi 8  32gb Color Twilight Blue 2gb De Memoria Ram,69526727,MLA82085,,119000.0,119000.0,,ARS,23,MLA16064584
MLA1412833290,Facturación,6891885,Factura A,,"[{'id': '6891885', 'name': 'Factura A', 'struct': None}]",list,MLA,Amazon Fire Tv Stick 4k De Voz 2ª Generación 4k 8gb Negro Con 1.5gb De Memoria Ram,247639927,MLA352001,,109996.0,109996.0,,ARS,29,MLA22930162
MLA1412833290,Tipo de garantía,2230280,Garantía del vendedor,,"[{'id': '2230280', 'name': 'Garantía del vendedor', 'struct': None}]",list,MLA,Amazon Fire Tv Stick 4k De Voz 2ª Generación 4k 8gb Negro Con 1.5gb De Memoria Ram,247639927,MLA352001,,109996.0,109996.0,,ARS,29,MLA22930162
MLA1412833290,Tiempo de garantía,,30 días,"{'number': 30, 'unit': 'días'}","[{'id': None, 'name': '30 días', 'struct': {'number': 30, 'unit': 'días'}}]",number_unit,MLA,Amazon Fire Tv Stick 4k De Voz 2ª Generación 4k 8gb Negro Con 1.5gb De Memoria Ram,247639927,MLA352001,,109996.0,109996.0,,ARS,29,MLA22930162
MLA2021972054,Facturación,6891885,Factura A,,"[{'id': '6891885', 'name': 'Factura A', 'struct': None}]",list,MLA,Tablet New Amazon Fire Hd 8' 3gb 32gb 2024 Color Rosa,160852200,MLA82085,,137997.0,137997.0,,ARS,10,MLA45943883
MLA1364216697,Tipo de garantía,2230280,Garantía del vendedor,,"[{'id': '2230280', 'name': 'Garantía del vendedor', 'struct': None}]",list,MLA,Amazon Fire Tv Stick Lite Full Hd 8gb 1gb Ram Streaming,541665065,MLA352001,,57985.0,57985.0,,ARS,175,MLA16369064
MLA1364216697,Tiempo de garantía,,6 meses,"{'number': 6, 'unit': 'meses'}","[{'id': None, 'name': '6 meses', 'struct': {'number': 6, 'unit': 'meses'}}]",number_unit,MLA,Amazon Fire Tv Stick Lite Full Hd 8gb 1gb Ram Streaming,541665065,MLA352001,,57985.0,57985.0,,ARS,175,MLA16369064
MLA1364216697,Facturación,6891885,Factura A,,"[{'id': '6891885', 'name': 'Factura A', 'struct': None}]",list,MLA,Amazon Fire Tv Stick Lite Full Hd 8gb 1gb Ram Streaming,541665065,MLA352001,,57985.0,57985.0,,ARS,175,MLA16369064
MLA1432631723,Tiempo de garantía,,1 años,"{'number': 1, 'unit': 'años'}","[{'id': None, 'name': '1 años', 'struct': {'number': 1, 'unit': 'años'}}]",number_unit,MLA,Tableta Amazon Fire 7 Kids 3-7 Años Wifi 16gb 2022 Colores Color Blue,1449187899,MLA82085,,200000.0,200000.0,,ARS,3,MLA25956308
MLA1432631723,Facturación,6891885,Factura A,,"[{'id': '6891885', 'name': 'Factura A', 'struct': None}]",list,MLA,Tableta Amazon Fire 7 Kids 3-7 Años Wifi 16gb 2022 Colores Color Blue,1449187899,MLA82085,,200000.0,200000.0,,ARS,3,MLA25956308
MLA1432631723,Tipo de garantía,2230279,Garantía de fábrica,,"[{'id': '2230279', 'name': 'Garantía de fábrica', 'struct': None}]",list,MLA,Tableta Amazon Fire 7 Kids 3-7 Años Wifi 16gb 2022 Colores Color Blue,1449187899,MLA82085,,200000.0,200000.0,,ARS,3,MLA25956308
MLA1474169913,Tipo de garantía,2230279,Garantía de fábrica,,"[{'id': '2230279', 'name': 'Garantía de fábrica', 'struct': None}]",list,MLA,Amazon Fire Tv Stick Hd 2024 Control Por Voz Fhd Sicoaf,821536236,MLA352001,,59999.0,59999.0,,ARS,200,MLA43918939
MLA1474169913,Tiempo de garantía,,6 meses,"{'number': 6, 'unit': 'meses'}","[{'id': None, 'name': '6 meses', 'struct': {'number': 6, 'unit': 'meses'}}]",number_unit,MLA,Amazon Fire Tv Stick Hd 2024 Control Por Voz Fhd Sicoaf,821536236,MLA352001,,59999.0,59999.0,,ARS,200,MLA43918939
MLA1374145782,Tipo de garantía,2230280,Garantía del vendedor,,"[{'id': '2230280', 'name': 'Garantía del vendedor', 'struct': None}]",list,MLA,Tablet  Amazon Fire7 7  16gb Black Y 1gb De Memoria Ram,287054359,MLA82085,132042,101999.15,101999.15,,ARS,8,MLA6001887
MLA1374145782,Tiempo de garantía,,6 meses,"{'number': 6, 'unit': 'meses'}","[{'id': None, 'name': '6 meses', 'struct': {'number': 6, 'unit': 'meses'}}]",number_unit,MLA,Tablet  Amazon Fire7 7  16gb Black Y 1gb De Memoria Ram,287054359,MLA82085,132042,101999.15,101999.15,,ARS,8,MLA6001887
MLA1974013466,Tiempo de garantía,,6 meses,"{'number': 6, 'unit': 'meses'}","[{'id': None, 'name': '6 meses', 'struct': {'number': 6, 'unit': 'meses'}}]",number_unit,MLA,Amazon Fire Tv Stick Hd 2024 Control Por Voz Fhd Streamoing,1473628674,MLA352001,,61999.0,61999.0,,ARS,63,MLA43918939
MLA1974013466,Facturación,6891885,Factura A,,"[{'id': '6891885', 'name': 'Factura A', 'struct': None}]",list,MLA,Amazon Fire Tv Stick Hd 2024 Control Por Voz Fhd Streamoing,1473628674,MLA352001,,61999.0,61999.0,,ARS,63,MLA43918939
MLA1974013466,Tipo de garantía,2230280,Garantía del vendedor,,"[{'id': '2230280', 'name': 'Garantía del vendedor', 'struct': None}]",list,MLA,Amazon Fire Tv Stick Hd 2024 Control Por Voz Fhd Streamoing,1473628674,MLA352001,,61999.0,61999.0,,ARS,63,MLA43918939
MLA1455460427,Tipo de garantía,2230280,Garantía del vendedor,,"[{'id': '2230280', 'name': 'Garantía del vendedor', 'struct': None}]",list,MLA,Tablet Amazon Fire 11 Max 64gb Gris Claro,68286146,MLA82085,,411120.0,411120.0,,ARS,5,MLA24931139
MLA1455460427,Tiempo de garantía,,1 meses,"{'number': 1, 'unit': 'meses'}","[{'id': None, 'name': '1 meses', 'struct': {'number': 1, 'unit': 'meses'}}]",number_unit,MLA,Tablet Amazon Fire 11 Max 64gb Gris Claro,68286146,MLA82085,,411120.0,411120.0,,ARS,5,MLA24931139
MLA1455460427,Facturación,6891885,Factura A,,"[{'id': '6891885', 'name': 'Factura A', 'struct': None}]",list,MLA,Tablet Amazon Fire 11 Max 64gb Gris Claro,68286146,MLA82085,,411120.0,411120.0,,ARS,5,MLA24931139
MLA2030688066,Tipo de garantía,2230280,Garantía del vendedor,,"[{'id': '2230280', 'name': 'Garantía del vendedor', 'struct': None}]",list,MLA,Amazon Fire Tv Stick Lite Full Hd 8gb 1gb Ram Streaming,76519370,MLA352001,,63999.0,63999.0,,ARS,20,
MLA2030688066,Tiempo de garantía,,30 días,"{'number': 30, 'unit': 'días'}","[{'id': None, 'name': '30 días', 'struct': {'number': 30, 'unit': 'días'}}]",number_unit,MLA,Amazon Fire Tv Stick Lite Full Hd 8gb 1gb Ram Streaming,76519370,MLA352001,,63999.0,63999.0,,ARS,20,
MLA1553922104,Tipo de garantía,2230280,Garantía del vendedor,,"[{'id': '2230280', 'name': 'Garantía del vendedor', 'struct': None}]",list,MLA,Tablet Infantil Amazon Kids Fire 7 Con Funda 2022 De 32gb Color Violeta,747830516,MLA82085,,289999.0,289999.0,,ARS,11,MLA27845905
MLA1553922104,Tiempo de garantía,,1 meses,"{'number': 1, 'unit': 'meses'}","[{'id': None, 'name': '1 meses', 'struct': {'number': 1, 'unit': 'meses'}}]",number_unit,MLA,Tablet Infantil Amazon Kids Fire 7 Con Funda 2022 De 32gb Color Violeta,747830516,MLA82085,,289999.0,289999.0,,ARS,11,MLA27845905
MLA1553922104,Facturación,6891885,Factura A,,"[{'id': '6891885', 'name': 'Factura A', 'struct': None}]",list,MLA,Tablet Infantil Amazon Kids Fire 7 Con Funda 2022 De 32gb Color Violeta,747830516,MLA82085,,289999.0,289999.0,,ARS,11,MLA27845905
MLA1476893929,Facturación,6891885,Factura A,,"[{'id': '6891885', 'name': 'Factura A', 'struct': None}]",list,MLA,Amazon Fire Tv Stick 4k Max Streaming Wifi 6,160852200,MLA352001,,96182.0,96182.0,,ARS,14,MLA29627884
MLA881592055,Tipo de garantía,2230280,Garantía del vendedor,,"[{'id': '2230280', 'name': 'Garantía del vendedor', 'struct': None}]",list,MLA,Tablet 2020 Kfonwi 8  32gb Color Black 2gb De Memoria Ram,247639927,MLA82085,,159998.0,159998.0,,ARS,158,MLA16064582
MLA881592055,Tiempo de garantía,,30 días,"{'number': 30, 'unit': 'días'}","[{'id': None, 'name': '30 días', 'struct': {'number': 30, 'unit': 'días'}}]",number_unit,MLA,Tablet 2020 Kfonwi 8  32gb Color Black 2gb De Memoria Ram,247639927,MLA82085,,159998.0,159998.0,,ARS,158,MLA16064582
MLA881592055,Facturación,6891885,Factura A,,"[{'id': '6891885', 'name': 'Factura A', 'struct': None}]",list,MLA,Tablet 2020 Kfonwi 8  32gb Color Black 2gb De Memoria Ram,247639927,MLA82085,,159998.0,159998.0,,ARS,158,MLA16064582
MLA1441306967,Tipo de garantía,2230280,Garantía del vendedor,,"[{'id': '2230280', 'name': 'Garantía del vendedor', 'struct': None}]",list,MLA,Amazon Convertidor Fire Tv Stick Lite Alexa Voice Smart Tv,815964052,MLA352001,,143675.0,143675.0,,ARS,33,
MLA1441306967,Tiempo de garantía,,30 días,"{'number': 30, 'unit': 'días'}","[{'id': None, 'name': '30 días', 'struct': {'number': 30, 'unit': 'días'}}]",number_unit,MLA,Amazon Convertidor Fire Tv Stick Lite Alexa Voice Smart Tv,815964052,MLA352001,,143675.0,143675.0,,ARS,33,
MLA2003308456,Tipo de garantía,2230279,Garantía de fábrica,,"[{'id': '2230279', 'name': 'Garantía de fábrica', 'struct': None}]",list,MLA,Amazon Fire Hd 10 13th Gen 2023 32gb 3gb Ram 2023 Negro Fhd,19009036,MLA82085,,210599.0,210599.0,,ARS,4,MLA29272472
MLA2003308456,Tiempo de garantía,,6 meses,"{'number': 6, 'unit': 'meses'}","[{'id': None, 'name': '6 meses', 'struct': {'number': 6, 'unit': 'meses'}}]",number_unit,MLA,Amazon Fire Hd 10 13th Gen 2023 32gb 3gb Ram 2023 Negro Fhd,19009036,MLA82085,,210599.0,210599.0,,ARS,4,MLA29272472
MLA2003308456,Facturación,6891885,Factura A,,"[{'id': '6891885', 'name': 'Factura A', 'struct': None}]",list,MLA,Amazon Fire Hd 10 13th Gen 2023 32gb 3gb Ram 2023 Negro Fhd,19009036,MLA82085,,210599.0,210599.0,,ARS,4,MLA29272472
MLA2010264008,Tipo de garantía,2230280,Garantía del vendedor,,"[{'id': '2230280', 'name': 'Garantía del vendedor', 'struct': None}]",list,MLA,Convertidor Smart Tv Stick Android Fire 4k Utocin Voz Tv Box Negro De Voz,2145784420,MLA352001,,59990.0,59990.0,,ARS,50,
MLA2010264008,Tiempo de garantía,,30 días,"{'number': 30, 'unit': 'días'}","[{'id': None, 'name': '30 días', 'struct': {'number': 30, 'unit': 'días'}}]",number_unit,MLA,Convertidor Smart Tv Stick Android Fire 4k Utocin Voz Tv Box Negro De Voz,2145784420,MLA352001,,59990.0,59990.0,,ARS,50,
MLA2000525720,Tipo de garantía,2230280,Garantía del vendedor,,"[{'id': '2230280', 'name': 'Garantía del vendedor', 'struct': None}]",list,MLA,"Tableta Amazon Fire Hd 10 13.a Gen. (2023): 32gb, 3gb Ram Color Lila",226206087,MLA82085,,231148.0,231148.0,,ARS,3,MLA36373071
MLA2000525720,Facturación,6891888,No factura,,"[{'id': '6891888', 'name': 'No factura', 'struct': None}]",list,MLA,"Tableta Amazon Fire Hd 10 13.a Gen. (2023): 32gb, 3gb Ram Color Lila",226206087,MLA82085,,231148.0,231148.0,,ARS,3,MLA36373071
MLA2000525720,Tiempo de garantía,,3 meses,"{'number': 3, 'unit': 'meses'}","[{'id': None, 'name': '3 meses', 'struct': {'number': 3, 'unit': 'meses'}}]",number_unit,MLA,"Tableta Amazon Fire Hd 10 13.a Gen. (2023): 32gb, 3gb Ram Color Lila",226206087,MLA82085,,231148.0,231148.0,,ARS,3,MLA36373071
MLA1975932800,Facturación,6891885,Factura A,,"[{'id': '6891885', 'name': 'Factura A', 'struct': None}]",list,MLA,Amazon Fire Tv Stick 4k 2023 Wifi 6 2gb De Ram Con Alexa,209752538,MLA352001,,97990.0,97990.0,,ARS,13,MLA28024921
MLA1975932800,Tipo de garantía,2230280,Garantía del vendedor,,"[{'id': '2230280', 'name': 'Garantía del vendedor', 'struct': None}]",list,MLA,Amazon Fire Tv Stick 4k 2023 Wifi 6 2gb De Ram Con Alexa,209752538,MLA352001,,97990.0,97990.0,,ARS,13,MLA28024921
MLA1975932800,Tiempo de garantía,,3 meses,"{'number': 3, 'unit': 'meses'}","[{'id': None, 'name': '3 meses', 'struct': {'number': 3, 'unit': 'meses'}}]",number_unit,MLA,Amazon Fire Tv Stick 4k 2023 Wifi 6 2gb De Ram Con Alexa,209752538,MLA352001,,97990.0,97990.0,,ARS,13,MLA28024921
MLA1551739580,Tiempo de garantía,,1 meses,"{'number': 1, 'unit': 'meses'}","[{'id': None, 'name': '1 meses', 'struct': {'number': 1, 'unit': 'meses'}}]",number_unit,MLA,Tablet Para Niños Amazon Fire 7 Kids 32gb Funda Soporte Color Rojo,747830516,MLA82085,,289999.0,289999.0,,ARS,17,MLA27944838
MLA1551739580,Facturación,6891885,Factura A,,"[{'id': '6891885', 'name': 'Factura A', 'struct': None}]",list,MLA,Tablet Para Niños Amazon Fire 7 Kids 32gb Funda Soporte Color Rojo,747830516,MLA82085,,289999.0,289999.0,,ARS,17,MLA27944838
MLA1551739580,Tipo de garantía,2230280,Garantía del vendedor,,"[{'id': '2230280', 'name': 'Garantía del vendedor', 'struct': None}]",list,MLA,Tablet Para Niños Amazon Fire 7 Kids 32gb Funda Soporte Color Rojo,747830516,MLA82085,,289999.0,289999.0,,ARS,17,MLA27944838
MLA2028392886,Tipo de garantía,2230280,Garantía del vendedor,,"[{'id': '2230280', 'name': 'Garantía del vendedor', 'struct': None}]",list,MLA,Amazon Fire Tv Stick 4k Fire Tv Stick 4k 53-008355 Pilas 4k Negro,621229920,MLA352001,74930,92150.0,92150.0,,ARS,5,MLA42248736
MLA2028392886,Tiempo de garantía,,90 días,"{'number': 90, 'unit': 'días'}","[{'id': None, 'name': '90 días', 'struct': {'number': 90, 'unit': 'días'}}]",number_unit,MLA,Amazon Fire Tv Stick 4k Fire Tv Stick 4k 53-008355 Pilas 4k Negro,621229920,MLA352001,74930,92150.0,92150.0,,ARS,5,MLA42248736
MLA2028392886,Facturación,6891885,Factura A,,"[{'id': '6891885', 'name': 'Factura A', 'struct': None}]",list,MLA,Amazon Fire Tv Stick 4k Fire Tv Stick 4k 53-008355 Pilas 4k Negro,621229920,MLA352001,74930,92150.0,92150.0,,ARS,5,MLA42248736
MLA1943850420,Facturación,6891885,Factura A,,"[{'id': '6891885', 'name': 'Factura A', 'struct': None}]",list,MLA,Tablet Amazon Fire Hd 10 2021 Kftrwi 10.1 3gb Ram 32gb,165975732,MLA82085,,179999.0,179999.0,,ARS,9,MLA18477989
MLA1943850420,Tiempo de garantía,,6 meses,"{'number': 6, 'unit': 'meses'}","[{'id': None, 'name': '6 meses', 'struct': {'number': 6, 'unit': 'meses'}}]",number_unit,MLA,Tablet Amazon Fire Hd 10 2021 Kftrwi 10.1 3gb Ram 32gb,165975732,MLA82085,,179999.0,179999.0,,ARS,9,MLA18477989
MLA1943850420,Tipo de garantía,2230280,Garantía del vendedor,,"[{'id': '2230280', 'name': 'Garantía del vendedor', 'struct': None}]",list,MLA,Tablet Amazon Fire Hd 10 2021 Kftrwi 10.1 3gb Ram 32gb,165975732,MLA82085,,179999.0,179999.0,,ARS,9,MLA18477989
MLA1376700509,Facturación,6891885,Factura A,,"[{'id': '6891885', 'name': 'Factura A', 'struct': None}]",list,MLA,Amazon Fire Tv Stick 4k 8gb  1.5gb Ram Streaming Control Voz,579983671,MLA352001,,79999.0,79999.0,,ARS,75,MLA28024921
MLA1376700509,Tipo de garantía,2230280,Garantía del vendedor,,"[{'id': '2230280', 'name': 'Garantía del vendedor', 'struct': None}]",list,MLA,Amazon Fire Tv Stick 4k 8gb  1.5gb Ram Streaming Control Voz,579983671,MLA352001,,79999.0,79999.0,,ARS,75,MLA28024921
MLA1376700509,Tiempo de garantía,,6 meses,"{'number': 6, 'unit': 'meses'}","[{'id': None, 'name': '6 meses', 'struct': {'number': 6, 'unit': 'meses'}}]",number_unit,MLA,Amazon Fire Tv Stick 4k 8gb  1.5gb Ram Streaming Control Voz,579983671,MLA352001,,79999.0,79999.0,,ARS,75,MLA28024921
MLA1385443023,Tiempo de garantía,,6 meses,"{'number': 6, 'unit': 'meses'}","[{'id': None, 'name': '6 meses', 'struct': {'number': 6, 'unit': 'meses'}}]",number_unit,MLA,Amazon Fire Hd 8 Plus Tablet 8´´ 32gb 3gb Ram Fire Os,1362243975,MLA82085,,225999.0,225999.0,,ARS,1,MLA22887799
MLA1385443023,Tipo de garantía,2230280,Garantía del vendedor,,"[{'id': '2230280', 'name': 'Garantía del vendedor', 'struct': None}]",list,MLA,Amazon Fire Hd 8 Plus Tablet 8´´ 32gb 3gb Ram Fire Os,1362243975,MLA82085,,225999.0,225999.0,,ARS,1,MLA22887799
MLA1385443023,Facturación,6891885,Factura A,,"[{'id': '6891885', 'name': 'Factura A', 'struct': None}]",list,MLA,Amazon Fire Hd 8 Plus Tablet 8´´ 32gb 3gb Ram Fire Os,1362243975,MLA82085,,225999.0,225999.0,,ARS,1,MLA22887799
MLA1366426083,Tiempo de garantía,,1 años,"{'number': 1, 'unit': 'años'}","[{'id': None, 'name': '1 años', 'struct': {'number': 1, 'unit': 'años'}}]",number_unit,MLA,Apple Tv 4k (wifi) A2737 De Voz 3.ª Generación 2022 4k 64gb Negro - Distribuidor Autorizado,553476757,MLA352001,2549,405399.0,405399.0,,ARS,91,MLA1021459431
MLA1366426083,Facturación,6891885,Factura A,,"[{'id': '6891885', 'name': 'Factura A', 'struct': None}]",list,MLA,Apple Tv 4k (wifi) A2737 De Voz 3.ª Generación 2022 4k 64gb Negro - Distribuidor Autorizado,553476757,MLA352001,2549,405399.0,405399.0,,ARS,91,MLA1021459431
MLA1366426083,Tipo de garantía,2230279,Garantía de fábrica,,"[{'id': '2230279', 'name': 'Garantía de fábrica', 'struct': None}]",list,MLA,Apple Tv 4k (wifi) A2737 De Voz 3.ª Generación 2022 4k 64gb Negro - Distribuidor Autorizado,553476757,MLA352001,2549,405399.0,405399.0,,ARS,91,MLA1021459431
MLA1449403463,Tipo de garantía,2230280,Garantía del vendedor,,"[{'id': '2230280', 'name': 'Garantía del vendedor', 'struct': None}]",list,MLA,Apple Tv Hd A1625 De Voz 4.ª Generación 2015 Full Hd 32gb Negro Con 2gb De Memoria Ram,119914491,MLA352001,,599990.0,599990.0,,ARS,83,MLA6253544
MLA1449403463,Tiempo de garantía,,3 meses,"{'number': 3, 'unit': 'meses'}","[{'id': None, 'name': '3 meses', 'struct': {'number': 3, 'unit': 'meses'}}]",number_unit,MLA,Apple Tv Hd A1625 De Voz 4.ª Generación 2015 Full Hd 32gb Negro Con 2gb De Memoria Ram,119914491,MLA352001,,599990.0,599990.0,,ARS,83,MLA6253544
MLA1449403463,Facturación,6891885,Factura A,,"[{'id': '6891885', 'name': 'Factura A', 'struct': None}]",list,MLA,Apple Tv Hd A1625 De Voz 4.ª Generación 2015 Full Hd 32gb Negro Con 2gb De Memoria Ram,119914491,MLA352001,,599990.0,599990.0,,ARS,83,MLA6253544
MLA1361061092,Tipo de garantía,2230279,Garantía de fábrica,,"[{'id': '2230279', 'name': 'Garantía de fábrica', 'struct': None}]",list,MLA,Apple Tv 4k (wifi + Ethernet) A2843 De Voz 3.ª Generación 2022 4k 128gb Negro,1017136269,MLA352001,,468512.0,468512.0,,ARS,37,MLA21015906
MLA1361061092,Tiempo de garantía,,12 meses,"{'number': 12, 'unit': 'meses'}","[{'id': None, 'name': '12 meses', 'struct': {'number': 12, 'unit': 'meses'}}]",number_unit,MLA,Apple Tv 4k (wifi + Ethernet) A2843 De Voz 3.ª Generación 2022 4k 128gb Negro,1017136269,MLA352001,,468512.0,468512.0,,ARS,37,MLA21015906
MLA1361061092,Facturación,6891885,Factura A,,"[{'id': '6891885', 'name': 'Factura A', 'struct': None}]",list,MLA,Apple Tv 4k (wifi + Ethernet) A2843 De Voz 3.ª Generación 2022 4k 128gb Negro,1017136269,MLA352001,,468512.0,468512.0,,ARS,37,MLA21015906
MLA1345282920,Tiempo de garantía,,12 meses,"{'number': 12, 'unit': 'meses'}","[{'id': None, 'name': '12 meses', 'struct': {'number': 12, 'unit': 'meses'}}]",number_unit,MLA,Apple Tv 4k (wifi) A2737 De Voz 3.ª Generación 2022 4k 64gb Negro,1017136269,MLA352001,,329224.0,329224.0,,ARS,70,MLA21459431
MLA1345282920,Tipo de garantía,2230279,Garantía de fábrica,,"[{'id': '2230279', 'name': 'Garantía de fábrica', 'struct': None}]",list,MLA,Apple Tv 4k (wifi) A2737 De Voz 3.ª Generación 2022 4k 64gb Negro,1017136269,MLA352001,,329224.0,329224.0,,ARS,70,MLA21459431
MLA1345282920,Facturación,6891885,Factura A,,"[{'id': '6891885', 'name': 'Factura A', 'struct': None}]",list,MLA,Apple Tv 4k (wifi) A2737 De Voz 3.ª Generación 2022 4k 64gb Negro,1017136269,MLA352001,,329224.0,329224.0,,ARS,70,MLA21459431
MLA1453365954,Tipo de garantía,2230280,Garantía del vendedor,,"[{'id': '2230280', 'name': 'Garantía del vendedor', 'struct': None}]",list,MLA,Apple Tv 4k A2169 De Voz 2.ª Generación 2021 4k 32gb Negro,173426652,MLA352001,,499997.0,499997.0,,ARS,8,MLA18385616
MLA1453365954,Facturación,6891885,Factura A,,"[{'id': '6891885', 'name': 'Factura A', 'struct': None}]",list,MLA,Apple Tv 4k A2169 De Voz 2.ª Generación 2021 4k 32gb Negro,173426652,MLA352001,,499997.0,499997.0,,ARS,8,MLA18385616
MLA1453365954,Tiempo de garantía,,6 meses,"{'number': 6, 'unit': 'meses'}","[{'id': None, 'name': '6 meses', 'struct': {'number': 6, 'unit': 'meses'}}]",number_unit,MLA,Apple Tv 4k A2169 De Voz 2.ª Generación 2021 4k 32gb Negro,173426652,MLA352001,,499997.0,499997.0,,ARS,8,MLA18385616
MLA1594852796,Tiempo de garantía,,1 meses,"{'number': 1, 'unit': 'meses'}","[{'id': None, 'name': '1 meses', 'struct': {'number': 1, 'unit': 'meses'}}]",number_unit,MLA,Apple Tv 4k A2169 De Voz 2.ª Generación 2021 4k 64gb Negro,244022676,MLA352001,,466300.0,466300.0,,ARS,1,MLA18385617
MLA1594852796,Tipo de garantía,2230280,Garantía del vendedor,,"[{'id': '2230280', 'name': 'Garantía del vendedor', 'struct': None}]",list,MLA,Apple Tv 4k A2169 De Voz 2.ª Generación 2021 4k 64gb Negro,244022676,MLA352001,,466300.0,466300.0,,ARS,1,MLA18385617
MLA1981233514,Tipo de garantía,2230279,Garantía de fábrica,,"[{'id': '2230279', 'name': 'Garantía de fábrica', 'struct': None}]",list,MLA,Apple Tv 4k Wi-fi (tercera Generación) 128 Gb Ethernet,2150532932,MLA352001,,267141.48,267141.48,,ARS,25,MLA21015901
MLA1981233514,Tiempo de garantía,,1 años,"{'number': 1, 'unit': 'años'}","[{'id': None, 'name': '1 años', 'struct': {'number': 1, 'unit': 'años'}}]",number_unit,MLA,Apple Tv 4k Wi-fi (tercera Generación) 128 Gb Ethernet,2150532932,MLA352001,,267141.48,267141.48,,ARS,25,MLA21015901
MLA1981233514,Cantidad máxima de compra,,3,,"[{'id': None, 'name': '3', 'struct': None}]",number,MLA,Apple Tv 4k Wi-fi (tercera Generación) 128 Gb Ethernet,2150532932,MLA352001,,267141.48,267141.48,,ARS,25,MLA21015901
MLA1399215544,Tipo de garantía,2230279,Garantía de fábrica,,"[{'id': '2230279', 'name': 'Garantía de fábrica', 'struct': None}]",list,MLA, Apple Tv 4k (wifi) A2737 3.ª Generación 2022 4k 64gb Negro,208137579,MLA352001,86184,477099.0,477099.0,,ARS,4,MLA21459430
MLA1399215544,Tiempo de garantía,,1 años,"{'number': 1, 'unit': 'años'}","[{'id': None, 'name': '1 años', 'struct': {'number': 1, 'unit': 'años'}}]",number_unit,MLA, Apple Tv 4k (wifi) A2737 3.ª Generación 2022 4k 64gb Negro,208137579,MLA352001,86184,477099.0,477099.0,,ARS,4,MLA21459430
MLA1399215544,Facturación,6891885,Factura A,,"[{'id': '6891885', 'name': 'Factura A', 'struct': None}]",list,MLA, Apple Tv 4k (wifi) A2737 3.ª Generación 2022 4k 64gb Negro,208137579,MLA352001,86184,477099.0,477099.0,,ARS,4,MLA21459430
MLA1426291701,Tipo de garantía,2230279,Garantía de fábrica,,"[{'id': '2230279', 'name': 'Garantía de fábrica', 'struct': None}]",list,MLA,Apple Tv 4k 64gb Modelo A2169. Soporte Y Funda De Regalo,44820200,MLA352001,,567000.0,567000.0,,ARS,1,
MLA1426291701,Tiempo de garantía,,12 meses,"{'number': 12, 'unit': 'meses'}","[{'id': None, 'name': '12 meses', 'struct': {'number': 12, 'unit': 'meses'}}]",number_unit,MLA,Apple Tv 4k 64gb Modelo A2169. Soporte Y Funda De Regalo,44820200,MLA352001,,567000.0,567000.0,,ARS,1,
MLA1904940598,Tipo de garantía,6150835,Sin garantía,,"[{'id': '6150835', 'name': 'Sin garantía', 'struct': None}]",list,MLA,Apple Tv 4k 64 Gb Negro Con Memoria Ram De 3 Gb A1842,1010179756,MLA352001,,220000.0,220000.0,,ARS,1,MLA22513404
MLA2013720360,Tipo de garantía,6150835,Sin garantía,,"[{'id': '6150835', 'name': 'Sin garantía', 'struct': None}]",list,MLA,"Apple Tv Modelo A1427 Con Control ,hdmi Y Cable Alimentación Negro Estándar",57316981,MLA352001,,39999.0,39999.0,,ARS,1,MLA6253546
MLA1448806077,Tipo de garantía,6150835,Sin garantía,,"[{'id': '6150835', 'name': 'Sin garantía', 'struct': None}]",list,MLA,"Apple Tv A1469 3.a Gen. Full Hd 8gb, 1gb Ram,estado Impoluto",83924255,MLA352001,,48900.0,48900.0,,ARS,1,MLA25362236
MLA1984892006,Tipo de garantía,6150835,Sin garantía,,"[{'id': '6150835', 'name': 'Sin garantía', 'struct': None}]",list,MLA,Apple Tv (3era Generación) Modelo A1427,11191172,MLA352001,,60000.0,60000.0,,ARS,1,
MLA2030681232,Tipo de garantía,6150835,Sin garantía,,"[{'id': '6150835', 'name': 'Sin garantía', 'struct': None}]",list,MLA,Apple Tv A1625 De Voz 4.a Gen 2015 Full Hd 32gb,1570469,MLA352001,,189000.0,189000.0,,ARS,1,MLA6253543
MLA1447987851,Tipo de garantía,6150835,Sin garantía,,"[{'id': '6150835', 'name': 'Sin garantía', 'struct': None}]",list,MLA,Apple Tv A1427 Estándar 3.a Generación Fhd,16775872,MLA352001,,70000.0,70000.0,,ARS,1,MLA6253545
MLA2007226274,Tipo de garantía,6150835,Sin garantía,,"[{'id': '6150835', 'name': 'Sin garantía', 'struct': None}]",list,MLA,Apple Tv A1378 Estándar 2.a Generación,403002713,MLA352001,,24989.0,24989.0,,ARS,1,MLA6253547
MLA1475974383,Tipo de garantía,6150835,Sin garantía,,"[{'id': '6150835', 'name': 'Sin garantía', 'struct': None}]",list,MLA,Apple Tv 4k 32 Gb,151832369,MLA352001,,35000.0,35000.0,,ARS,1,MLA22513404
MLA2030554468,Tipo de garantía,6150835,Sin garantía,,"[{'id': '6150835', 'name': 'Sin garantía', 'struct': None}]",list,MLA,Apple Tv A1625 Soporte Pared 1080p Youtube Netflix Disney+,66335855,MLA352001,,172000.0,172000.0,,ARS,1,MLA6253543
MLA2031705816,Tipo de garantía,6150835,Sin garantía,,"[{'id': '6150835', 'name': 'Sin garantía', 'struct': None}]",list,MLA,Apple Tv A 1469 (usado),216753014,MLA352001,,70000.0,70000.0,,ARS,1,
MLA1462043665,Tipo de garantía,6150835,Sin garantía,,"[{'id': '6150835', 'name': 'Sin garantía', 'struct': None}]",list,MLA,Apple Tv 2a Generación Full Hd,27193808,MLA352001,,40000.0,40000.0,,ARS,1,MLA6253547
MLA1877356464,Tipo de garantía,6150835,Sin garantía,,"[{'id': '6150835', 'name': 'Sin garantía', 'struct': None}]",list,MLA,Apple Tv 2 3.ª Gen. Full Hd 1gb Ram 8gb.,180486592,MLA352001,,45000.0,45000.0,,ARS,1,MLA26197538
MLA1399520644,Tipo de garantía,6150835,Sin garantía,,"[{'id': '6150835', 'name': 'Sin garantía', 'struct': None}]",list,MLA,Apple Tv 4k 32gb A1842 Negro (usado),246369034,MLA352001,,400000.0,400000.0,,ARS,1,MLA22513404
MLA1913427140,Tipo de garantía,6150835,Sin garantía,,"[{'id': '6150835', 'name': 'Sin garantía', 'struct': None}]",list,MLA,Apple Tv A1427  3.a Generación Full Hd 8gb Negro,1439744152,MLA352001,,60000.0,60000.0,,ARS,1,MLA6253545
MLA1474178905,Tipo de garantía,6150835,Sin garantía,,"[{'id': '6150835', 'name': 'Sin garantía', 'struct': None}]",list,MLA,Apple Tv 4k,480073619,MLA352001,,50000.0,50000.0,,ARS,2,MLA24589105
MLA1470131529,Tipo de garantía,6150835,Sin garantía,,"[{'id': '6150835', 'name': 'Sin garantía', 'struct': None}]",list,MLA,Apple Tv Hd A1625 De Voz 4.a Gen 2015 Full Hd 32gb,13779625,MLA352001,,150000.0,150000.0,,ARS,1,MLA6253543
MLA1419331631,Tipo de garantía,6150835,Sin garantía,,"[{'id': '6150835', 'name': 'Sin garantía', 'struct': None}]",list,MLA, Apple Tv 1ª Gen Full Hd -olo Aparato - Enciende - No Envío,290356664,MLA352001,,25775.2,25775.2,,ARS,1,MLA6253549
MLA1911254292,Tipo de garantía,6150835,Sin garantía,,"[{'id': '6150835', 'name': 'Sin garantía', 'struct': None}]",list,MLA,Apple Tv 4k (wifi + Ethernet) A2843 4k 128gb Negro,77667444,MLA352001,,400000.0,400000.0,,ARS,1,MLA21015901
MLA1938425710,Tipo de garantía,6150835,Sin garantía,,"[{'id': '6150835', 'name': 'Sin garantía', 'struct': None}]",list,MLA,Apple Tv 3,25327485,MLA352001,,38000.0,38000.0,,ARS,1,MLA43267365
MLA1781884668,Tipo de garantía,6150835,Sin garantía,,"[{'id': '6150835', 'name': 'Sin garantía', 'struct': None}]",list,MLA, Apple Tv A1427 2.ª Generación ,70102362,MLA352001,,37081.98,37081.98,,ARS,1,MLA6253547
MLA1903134622,Tipo de garantía,6150835,Sin garantía,,"[{'id': '6150835', 'name': 'Sin garantía', 'struct': None}]",list,MLA,Apple Tv A1427 3.ª Generación Full Hd 8gb,62674746,MLA352001,,73999.0,73999.0,,ARS,1,MLA6253545
MLA2010200866,Tipo de garantía,6150835,Sin garantía,,"[{'id': '6150835', 'name': 'Sin garantía', 'struct': None}]",list,MLA,Apple Tv Hd 4ta 4th Generación 2015 A1625 Restore Problem,72129527,MLA352001,,59000.0,59000.0,,ARS,1,MLA6253543
MLA1913452572,Tipo de garantía,6150835,Sin garantía,,"[{'id': '6150835', 'name': 'Sin garantía', 'struct': None}]",list,MLA,Apple Tv 3a Gen  Full Hd 8gb 512mb Ram A1427,42544866,MLA352001,,45000.0,45000.0,,ARS,1,MLA6253545
MLA1445793563,Tipo de garantía,6150835,Sin garantía,,"[{'id': '6150835', 'name': 'Sin garantía', 'struct': None}]",list,MLA,Apple Tv Hd A1625 De Voz 4.ª Generación 2015 Full Hd 64 Gb,89647872,MLA352001,,145000.0,145000.0,,ARS,1,MLA6253543
MLA1443682603,Tipo de garantía,6150835,Sin garantía,,"[{'id': '6150835', 'name': 'Sin garantía', 'struct': None}]",list,MLA,Apple Tv 2ª Generaciónhd 8gb Negro Con 256mb De Memoria Ram,120708889,MLA352001,,60000.0,60000.0,,ARS,2,MLA6253547
MLA1670324528,Tipo de garantía,6150835,Sin garantía,,"[{'id': '6150835', 'name': 'Sin garantía', 'struct': None}]",list,MLA,"Usado Apple Tv 3 A1469 Full Hd Negro Completo, Sin Detalles.",1530068588,MLA352001,,99000.0,99000.0,,ARS,1,MLA6253545
MLA1463957805,Tipo de garantía,6150835,Sin garantía,,"[{'id': '6150835', 'name': 'Sin garantía', 'struct': None}]",list,MLA,Apple Tv 4.a Generación 2015 Full Hd 32gb 2gb Ram,75988422,MLA352001,,250000.0,250000.0,,ARS,1,MLA6253543
MLA1436930383,Tipo de garantía,6150835,Sin garantía,,"[{'id': '6150835', 'name': 'Sin garantía', 'struct': None}]",list,MLA,Apple Tv A1427 Estándar 3.ªgeneracion,35640592,MLA352001,,80500.0,80500.0,,ARS,1,MLA6253545
MLA1475666907,Tipo de garantía,6150835,Sin garantía,,"[{'id': '6150835', 'name': 'Sin garantía', 'struct': None}]",list,MLA,Apple Tv  Full Hd 32gb,83925369,MLA352001,,250000.0,250000.0,,ARS,1,MLA6253543
MLA1464550035,Tipo de garantía,6150835,Sin garantía,,"[{'id': '6150835', 'name': 'Sin garantía', 'struct': None}]",list,MLA,Apple Tv A1427 Estándar 3.a Generación,207573097,MLA352001,,25000.0,25000.0,,ARS,1,MLA6253545
MLA1972159008,Tipo de garantía,6150835,Sin garantía,,"[{'id': '6150835', 'name': 'Sin garantía', 'struct': None}]",list,MLA,Apple Tv A1427 ( Control No Funciona),33446855,MLA352001,,20000.0,20000.0,,ARS,1,MLA6253545
MLA1938835060,Tipo de garantía,6150835,Sin garantía,,"[{'id': '6150835', 'name': 'Sin garantía', 'struct': None}]",list,MLA,Apple Tv A1469. Full Hd 8gb/ 512mb Ram Sin Control Remoto,38345984,MLA352001,,65000.0,65000.0,,ARS,2,MLA6253545
MLA1414122791,Tipo de garantía,6150835,Sin garantía,,"[{'id': '6150835', 'name': 'Sin garantía', 'struct': None}]",list,MLA, Apple Tv A1427 Negro - 1080p Full Hd,211738,MLA352001,,120000.0,120000.0,,ARS,1,MLA6253545
MLA1822817324,Tipo de garantía,6150835,Sin garantía,,"[{'id': '6150835', 'name': 'Sin garantía', 'struct': None}]",list,MLA,Apple Tv A1427  3.ª Generación Full Hd 8gb Negro,154069155,MLA352001,,39000.0,39000.0,,ARS,3,MLA6253545
MLA1317267791,Tipo de garantía,6150835,Sin garantía,,"[{'id': '6150835', 'name': 'Sin garantía', 'struct': None}]",list,MLA,Apple Tv 3era Generación. Full Hd. Con Control Remoto,84465736,MLA352001,,80000.0,80000.0,,ARS,1,MLA6253545
MLA1464945897,Tipo de garantía,6150835,Sin garantía,,"[{'id': '6150835', 'name': 'Sin garantía', 'struct': None}]",list,MLA,Apple Tv 3.a Generación 512mb,638036776,MLA352001,,99000.0,99000.0,,ARS,1,MLA6253545
MLA1755792356,Tipo de garantía,6150835,Sin garantía,,"[{'id': '6150835', 'name': 'Sin garantía', 'struct': None}]",list,MLA, Apple Tv A1469 3.ª Generación. Perf. Estado Caja Cable Orig,12274147,MLA352001,,90000.0,90000.0,,ARS,1,MLA6253545
MLA1867521508,Tipo de garantía,6150835,Sin garantía,,"[{'id': '6150835', 'name': 'Sin garantía', 'struct': None}]",list,MLA,Apple Tv A1469 3ra Generación,115431977,MLA352001,,58000.0,58000.0,,ARS,1,MLA6253545
MLA2016882872,Tipo de garantía,6150835,Sin garantía,,"[{'id': '6150835', 'name': 'Sin garantía', 'struct': None}]",list,MLA,Apple Tv 3gen Full Hd 8gb *no Funciona*,52104263,MLA352001,,15000.0,15000.0,,ARS,1,MLA6253545
MLA1448835555,Tipo de garantía,6150835,Sin garantía,,"[{'id': '6150835', 'name': 'Sin garantía', 'struct': None}]",list,MLA,Apple Tv A1469 Estándar 3,43381121,MLA352001,,80000.0,80000.0,,ARS,1,MLA6253545
MLA1398421729,Tiempo de garantía,,12 meses,"{'number': 12, 'unit': 'meses'}","[{'id': None, 'name': '12 meses', 'struct': {'number': 12, 'unit': 'meses'}}]",number_unit,MLA,Sensor Xiaomi De Puerta Y Ventana App Mi Smart Home,666749750,MLA4625,74466,20049.0,20049.0,,ARS,13,MLA28699462
MLA1398421729,Facturación,6891885,Factura A,,"[{'id': '6891885', 'name': 'Factura A', 'struct': None}]",list,MLA,Sensor Xiaomi De Puerta Y Ventana App Mi Smart Home,666749750,MLA4625,74466,20049.0,20049.0,,ARS,13,MLA28699462
MLA1398421729,Tipo de garantía,2230279,Garantía de fábrica,,"[{'id': '2230279', 'name': 'Garantía de fábrica', 'struct': None}]",list,MLA,Sensor Xiaomi De Puerta Y Ventana App Mi Smart Home,666749750,MLA4625,74466,20049.0,20049.0,,ARS,13,MLA28699462
MLA1407486187,Tipo de garantía,2230279,Garantía de fábrica,,"[{'id': '2230279', 'name': 'Garantía de fábrica', 'struct': None}]",list,MLA,Foco Led Con Wi-fi Xiaomi Mi Led Essential Bombilla Color Rgb 9w 220v,448487402,MLA377395,,43999.0,43999.0,,ARS,7,MLA44118606
MLA1407486187,Tiempo de garantía,,6 meses,"{'number': 6, 'unit': 'meses'}","[{'id': None, 'name': '6 meses', 'struct': {'number': 6, 'unit': 'meses'}}]",number_unit,MLA,Foco Led Con Wi-fi Xiaomi Mi Led Essential Bombilla Color Rgb 9w 220v,448487402,MLA377395,,43999.0,43999.0,,ARS,7,MLA44118606
MLA1407486187,Facturación,6891885,Factura A,,"[{'id': '6891885', 'name': 'Factura A', 'struct': None}]",list,MLA,Foco Led Con Wi-fi Xiaomi Mi Led Essential Bombilla Color Rgb 9w 220v,448487402,MLA377395,,43999.0,43999.0,,ARS,7,MLA44118606
MLA1458715613,Tipo de garantía,2230280,Garantía del vendedor,,"[{'id': '2230280', 'name': 'Garantía del vendedor', 'struct': None}]",list,MLA,Xiaomi Smart Camara C500 Pro 3k  Wi-fi Doble Banda  Monitoreo  Vigilancia  Baby Call  Visión Nocturna  Domo 360  Alexagoogle Home Color Blanco  Mjsxj16cm,257077964,MLA417835,52187,169999.0,169999.0,,ARS,100,MLA35961103
MLA1458715613,Facturación,6891885,Factura A,,"[{'id': '6891885', 'name': 'Factura A', 'struct': None}]",list,MLA,Xiaomi Smart Camara C500 Pro 3k  Wi-fi Doble Banda  Monitoreo  Vigilancia  Baby Call  Visión Nocturna  Domo 360  Alexagoogle Home Color Blanco  Mjsxj16cm,257077964,MLA417835,52187,169999.0,169999.0,,ARS,100,MLA35961103
MLA1458715613,Tiempo de garantía,,6 meses,"{'number': 6, 'unit': 'meses'}","[{'id': None, 'name': '6 meses', 'struct': {'number': 6, 'unit': 'meses'}}]",number_unit,MLA,Xiaomi Smart Camara C500 Pro 3k  Wi-fi Doble Banda  Monitoreo  Vigilancia  Baby Call  Visión Nocturna  Domo 360  Alexagoogle Home Color Blanco  Mjsxj16cm,257077964,MLA417835,52187,169999.0,169999.0,,ARS,100,MLA35961103
MLA1995737754,Tiempo de garantía,,6 meses,"{'number': 6, 'unit': 'meses'}","[{'id': None, 'name': '6 meses', 'struct': {'number': 6, 'unit': 'meses'}}]",number_unit,MLA,Bombilla Mi Smart Led Xiaomi Luz Blanco,251638518,MLA455738,,19338.0,19338.0,,ARS,6,MLA44126596
MLA1995737754,Tipo de garantía,2230279,Garantía de fábrica,,"[{'id': '2230279', 'name': 'Garantía de fábrica', 'struct': None}]",list,MLA,Bombilla Mi Smart Led Xiaomi Luz Blanco,251638518,MLA455738,,19338.0,19338.0,,ARS,6,MLA44126596
MLA1995737754,Facturación,6891885,Factura A,,"[{'id': '6891885', 'name': 'Factura A', 'struct': None}]",list,MLA,Bombilla Mi Smart Led Xiaomi Luz Blanco,251638518,MLA455738,,19338.0,19338.0,,ARS,6,MLA44126596
MLA1981123082,Tiempo de garantía,,30 días,"{'number': 30, 'unit': 'días'}","[{'id': None, 'name': '30 días', 'struct': {'number': 30, 'unit': 'días'}}]",number_unit,MLA,Switch Xiaomi Mi Smart Home Wireless Para Dispositivos Color Blanco,196202609,MLA388863,,22658.0,22658.0,,ARS,3,MLA26502284
MLA1981123082,Tipo de garantía,2230279,Garantía de fábrica,,"[{'id': '2230279', 'name': 'Garantía de fábrica', 'struct': None}]",list,MLA,Switch Xiaomi Mi Smart Home Wireless Para Dispositivos Color Blanco,196202609,MLA388863,,22658.0,22658.0,,ARS,3,MLA26502284
MLA1981123082,Facturación,6891888,No factura,,"[{'id': '6891888', 'name': 'No factura', 'struct': None}]",list,MLA,Switch Xiaomi Mi Smart Home Wireless Para Dispositivos Color Blanco,196202609,MLA388863,,22658.0,22658.0,,ARS,3,MLA26502284
MLA1476137369,Tiempo de garantía,,30 días,"{'number': 30, 'unit': 'días'}","[{'id': None, 'name': '30 días', 'struct': {'number': 30, 'unit': 'días'}}]",number_unit,MLA,Sensor Xiaomi Mi Door And Window Sensor 2,149614604,MLA4625,,26899.0,26899.0,,ARS,3,MLA28763228
MLA1476137369,Tipo de garantía,2230280,Garantía del vendedor,,"[{'id': '2230280', 'name': 'Garantía del vendedor', 'struct': None}]",list,MLA,Sensor Xiaomi Mi Door And Window Sensor 2,149614604,MLA4625,,26899.0,26899.0,,ARS,3,MLA28763228
MLA1476137369,Facturación,6891885,Factura A,,"[{'id': '6891885', 'name': 'Factura A', 'struct': None}]",list,MLA,Sensor Xiaomi Mi Door And Window Sensor 2,149614604,MLA4625,,26899.0,26899.0,,ARS,3,MLA28763228
MLA1469445825,Tipo de garantía,2230279,Garantía de fábrica,,"[{'id': '2230279', 'name': 'Garantía de fábrica', 'struct': None}]",list,MLA,Plafon Led Xiaomi Mi Smart Ceiling Light - Cover Co,235131446,MLA1588,,149312.0,149312.0,,ARS,1,MLA22186787
MLA1469445825,Tiempo de garantía,,30 días,"{'number': 30, 'unit': 'días'}","[{'id': None, 'name': '30 días', 'struct': {'number': 30, 'unit': 'días'}}]",number_unit,MLA,Plafon Led Xiaomi Mi Smart Ceiling Light - Cover Co,235131446,MLA1588,,149312.0,149312.0,,ARS,1,MLA22186787
MLA1469445825,Facturación,6891885,Factura A,,"[{'id': '6891885', 'name': 'Factura A', 'struct': None}]",list,MLA,Plafon Led Xiaomi Mi Smart Ceiling Light - Cover Co,235131446,MLA1588,,149312.0,149312.0,,ARS,1,MLA22186787
MLA2030480672,Tiempo de garantía,,6 meses,"{'number': 6, 'unit': 'meses'}","[{'id': None, 'name': '6 meses', 'struct': {'number': 6, 'unit': 'meses'}}]",number_unit,MLA,Luz Xiaomi Mi Smart Led Bulb Essential Color Blanco,1080912657,MLA455738,,34999.0,34999.0,,ARS,2,MLA21293516
MLA2030480672,Tipo de garantía,2230279,Garantía de fábrica,,"[{'id': '2230279', 'name': 'Garantía de fábrica', 'struct': None}]",list,MLA,Luz Xiaomi Mi Smart Led Bulb Essential Color Blanco,1080912657,MLA455738,,34999.0,34999.0,,ARS,2,MLA21293516
MLA2030480672,Facturación,6891885,Factura A,,"[{'id': '6891885', 'name': 'Factura A', 'struct': None}]",list,MLA,Luz Xiaomi Mi Smart Led Bulb Essential Color Blanco,1080912657,MLA455738,,34999.0,34999.0,,ARS,2,MLA21293516
MLA1377943948,Facturación,6891885,Factura A,,"[{'id': '6891885', 'name': 'Factura A', 'struct': None}]",list,MLA,Bombilla Mi Smart Led Xiaomi,164041557,MLA377395,71168,30399.0,30399.0,34959,ARS,27,MLA21686266
MLA1377943948,Cantidad máxima de compra,,1,,"[{'id': None, 'name': '1', 'struct': None}]",number,MLA,Bombilla Mi Smart Led Xiaomi,164041557,MLA377395,71168,30399.0,30399.0,34959,ARS,27,MLA21686266
MLA1377943948,Tipo de garantía,2230279,Garantía de fábrica,,"[{'id': '2230279', 'name': 'Garantía de fábrica', 'struct': None}]",list,MLA,Bombilla Mi Smart Led Xiaomi,164041557,MLA377395,71168,30399.0,30399.0,34959,ARS,27,MLA21686266
MLA1377943948,Tiempo de garantía,,3 meses,"{'number': 3, 'unit': 'meses'}","[{'id': None, 'name': '3 meses', 'struct': {'number': 3, 'unit': 'meses'}}]",number_unit,MLA,Bombilla Mi Smart Led Xiaomi,164041557,MLA377395,71168,30399.0,30399.0,34959,ARS,27,MLA21686266
MLA1129307328,Tiempo de garantía,,3 meses,"{'number': 3, 'unit': 'meses'}","[{'id': None, 'name': '3 meses', 'struct': {'number': 3, 'unit': 'meses'}}]",number_unit,MLA,Switch Xiaomi Mi Smart Home Wireless Para Dispositivos,164041557,MLA388863,71168,31499.0,31499.0,36225,ARS,7,MLA26502277
MLA1129307328,Tipo de garantía,2230279,Garantía de fábrica,,"[{'id': '2230279', 'name': 'Garantía de fábrica', 'struct': None}]",list,MLA,Switch Xiaomi Mi Smart Home Wireless Para Dispositivos,164041557,MLA388863,71168,31499.0,31499.0,36225,ARS,7,MLA26502277
MLA1129307328,Cantidad máxima de compra,,1,,"[{'id': None, 'name': '1', 'struct': None}]",number,MLA,Switch Xiaomi Mi Smart Home Wireless Para Dispositivos,164041557,MLA388863,71168,31499.0,31499.0,36225,ARS,7,MLA26502277
MLA1129261025,Tipo de garantía,2230279,Garantía de fábrica,,"[{'id': '2230279', 'name': 'Garantía de fábrica', 'struct': None}]",list,MLA,Sensor Xiaomi De Puerta Y Ventana App Mi Smart Home,164041557,MLA4625,71168,31499.0,31499.0,36225,ARS,50,MLA28699462
MLA1129261025,Tiempo de garantía,,3 meses,"{'number': 3, 'unit': 'meses'}","[{'id': None, 'name': '3 meses', 'struct': {'number': 3, 'unit': 'meses'}}]",number_unit,MLA,Sensor Xiaomi De Puerta Y Ventana App Mi Smart Home,164041557,MLA4625,71168,31499.0,31499.0,36225,ARS,50,MLA28699462
MLA1129261025,Facturación,6891885,Factura A,,"[{'id': '6891885', 'name': 'Factura A', 'struct': None}]",list,MLA,Sensor Xiaomi De Puerta Y Ventana App Mi Smart Home,164041557,MLA4625,71168,31499.0,31499.0,36225,ARS,50,MLA28699462
MLA1129261025,Cantidad máxima de compra,,1,,"[{'id': None, 'name': '1', 'struct': None}]",number,MLA,Sensor Xiaomi De Puerta Y Ventana App Mi Smart Home,164041557,MLA4625,71168,31499.0,31499.0,36225,ARS,50,MLA28699462
MLA1129307297,Facturación,6891885,Factura A,,"[{'id': '6891885', 'name': 'Factura A', 'struct': None}]",list,MLA,Switch Xiaomi Mi Smart Home Wireless Para Dispositivos,164041557,MLA388863,71168,56149.0,56149.0,,ARS,9,MLA26502277
MLA1129307297,Tiempo de garantía,,3 meses,"{'number': 3, 'unit': 'meses'}","[{'id': None, 'name': '3 meses', 'struct': {'number': 3, 'unit': 'meses'}}]",number_unit,MLA,Switch Xiaomi Mi Smart Home Wireless Para Dispositivos,164041557,MLA388863,71168,56149.0,56149.0,,ARS,9,MLA26502277
MLA1129307297,Tipo de garantía,2230279,Garantía de fábrica,,"[{'id': '2230279', 'name': 'Garantía de fábrica', 'struct': None}]",list,MLA,Switch Xiaomi Mi Smart Home Wireless Para Dispositivos,164041557,MLA388863,71168,56149.0,56149.0,,ARS,9,MLA26502277
MLA1129319356,Tipo de garantía,2230279,Garantía de fábrica,,"[{'id': '2230279', 'name': 'Garantía de fábrica', 'struct': None}]",list,MLA,Sensor Xiaomi De Puerta Y Ventana App Mi Smart Home,164041557,MLA4625,71168,56149.0,56149.0,,ARS,38,MLA28699462
MLA1129319356,Tiempo de garantía,,30 días,"{'number': 30, 'unit': 'días'}","[{'id': None, 'name': '30 días', 'struct': {'number': 30, 'unit': 'días'}}]",number_unit,MLA,Sensor Xiaomi De Puerta Y Ventana App Mi Smart Home,164041557,MLA4625,71168,56149.0,56149.0,,ARS,38,MLA28699462
MLA1129319356,Facturación,6891885,Factura A,,"[{'id': '6891885', 'name': 'Factura A', 'struct': None}]",list,MLA,Sensor Xiaomi De Puerta Y Ventana App Mi Smart Home,164041557,MLA4625,71168,56149.0,56149.0,,ARS,38,MLA28699462
MLA1950561310,Tipo de garantía,2230280,Garantía del vendedor,,"[{'id': '2230280', 'name': 'Garantía del vendedor', 'struct': None}]",list,MLA,Camara Xiaomi Smart C500 Pro 3k Baby Call Google Home Alexa,257077964,MLA417835,52187,249999.0,249999.0,,ARS,100,MLA35961102
MLA1950561310,Tiempo de garantía,,6 meses,"{'number': 6, 'unit': 'meses'}","[{'id': None, 'name': '6 meses', 'struct': {'number': 6, 'unit': 'meses'}}]",number_unit,MLA,Camara Xiaomi Smart C500 Pro 3k Baby Call Google Home Alexa,257077964,MLA417835,52187,249999.0,249999.0,,ARS,100,MLA35961102
MLA1950561310,Facturación,6891885,Factura A,,"[{'id': '6891885', 'name': 'Factura A', 'struct': None}]",list,MLA,Camara Xiaomi Smart C500 Pro 3k Baby Call Google Home Alexa,257077964,MLA417835,52187,249999.0,249999.0,,ARS,100,MLA35961102
MLA2019027806,Tipo de garantía,2230280,Garantía del vendedor,,"[{'id': '2230280', 'name': 'Garantía del vendedor', 'struct': None}]",list,MLA,Interruptor Xiaomi Mi Smart Home Wireless Para Dispositivos,1105079370,MLA388863,,30000.0,30000.0,,ARS,3,MLA26502277
MLA2019027806,Tiempo de garantía,,7 días,"{'number': 7, 'unit': 'días'}","[{'id': None, 'name': '7 días', 'struct': {'number': 7, 'unit': 'días'}}]",number_unit,MLA,Interruptor Xiaomi Mi Smart Home Wireless Para Dispositivos,1105079370,MLA388863,,30000.0,30000.0,,ARS,3,MLA26502277
MLA2019027806,Facturación,6891888,No factura,,"[{'id': '6891888', 'name': 'No factura', 'struct': None}]",list,MLA,Interruptor Xiaomi Mi Smart Home Wireless Para Dispositivos,1105079370,MLA388863,,30000.0,30000.0,,ARS,3,MLA26502277
MLA1973200290,Tipo de garantía,2230280,Garantía del vendedor,,"[{'id': '2230280', 'name': 'Garantía del vendedor', 'struct': None}]",list,MLA,Xiaomi Smart Camara C500 Pro 3k  Wi-fi Doble Banda  Monitore,340109223,MLA417835,,209999.0,209999.0,,ARS,2,MLA35961102
MLA1973200290,Tiempo de garantía,,6 meses,"{'number': 6, 'unit': 'meses'}","[{'id': None, 'name': '6 meses', 'struct': {'number': 6, 'unit': 'meses'}}]",number_unit,MLA,Xiaomi Smart Camara C500 Pro 3k  Wi-fi Doble Banda  Monitore,340109223,MLA417835,,209999.0,209999.0,,ARS,2,MLA35961102
MLA1973200290,Facturación,6891885,Factura A,,"[{'id': '6891885', 'name': 'Factura A', 'struct': None}]",list,MLA,Xiaomi Smart Camara C500 Pro 3k  Wi-fi Doble Banda  Monitore,340109223,MLA417835,,209999.0,209999.0,,ARS,2,MLA35961102
MLA1459641555,Facturación,6891885,Factura A,,"[{'id': '6891885', 'name': 'Factura A', 'struct': None}]",list,MLA,Xiaomi Smart Camara C500 Pro 3k  Wi-fi 360° Color Blanco,340109223,MLA417835,,179999.0,179999.0,,ARS,2,MLA35961102
MLA1459641555,Tipo de garantía,2230280,Garantía del vendedor,,"[{'id': '2230280', 'name': 'Garantía del vendedor', 'struct': None}]",list,MLA,Xiaomi Smart Camara C500 Pro 3k  Wi-fi 360° Color Blanco,340109223,MLA417835,,179999.0,179999.0,,ARS,2,MLA35961102
MLA1459641555,Tiempo de garantía,,6 meses,"{'number': 6, 'unit': 'meses'}","[{'id': None, 'name': '6 meses', 'struct': {'number': 6, 'unit': 'meses'}}]",number_unit,MLA,Xiaomi Smart Camara C500 Pro 3k  Wi-fi 360° Color Blanco,340109223,MLA417835,,179999.0,179999.0,,ARS,2,MLA35961102
MLA1478401883,Tipo de garantía,2230280,Garantía del vendedor,,"[{'id': '2230280', 'name': 'Garantía del vendedor', 'struct': None}]",list,MLA,Interruptor Switch Xiaomi Mi Smart Home Wireless,2182909037,MLA388863,,30000.0,30000.0,,ARS,3,MLA26502277
MLA1478401883,Tiempo de garantía,,7 días,"{'number': 7, 'unit': 'días'}","[{'id': None, 'name': '7 días', 'struct': {'number': 7, 'unit': 'días'}}]",number_unit,MLA,Interruptor Switch Xiaomi Mi Smart Home Wireless,2182909037,MLA388863,,30000.0,30000.0,,ARS,3,MLA26502277
MLA1478401883,Facturación,6891888,No factura,,"[{'id': '6891888', 'name': 'No factura', 'struct': None}]",list,MLA,Interruptor Switch Xiaomi Mi Smart Home Wireless,2182909037,MLA388863,,30000.0,30000.0,,ARS,3,MLA26502277
MLA1421816263,Tipo de garantía,6150835,Sin garantía,,"[{'id': '6150835', 'name': 'Sin garantía', 'struct': None}]",list,MLA,Sensor Xiaomi De Puerta Y Ventana App Mi Smart Home,440453347,MLA4625,,22500.0,22500.0,,ARS,3,MLA21748353
MLA1421816263,Facturación,6891888,No factura,,"[{'id': '6891888', 'name': 'No factura', 'struct': None}]",list,MLA,Sensor Xiaomi De Puerta Y Ventana App Mi Smart Home,440453347,MLA4625,,22500.0,22500.0,,ARS,3,MLA21748353
MLA1398505275,Tipo de garantía,6150835,Sin garantía,,"[{'id': '6150835', 'name': 'Sin garantía', 'struct': None}]",list,MLA,Sensor Xiaomi De Puerta Y Ventana App Mi Smart Home,46939594,MLA4625,,30000.0,30000.0,,ARS,1,MLA21748353
MLA1975516840,Tipo de garantía,2230280,Garantía del vendedor,,"[{'id': '2230280', 'name': 'Garantía del vendedor', 'struct': None}]",list,MLA,Mi 360° Home Security Camera 2k Pro Color Blanco,130326065,MLA5959,,85000.0,85000.0,,ARS,10,MLA18597187
MLA1975516840,Tiempo de garantía,,3 meses,"{'number': 3, 'unit': 'meses'}","[{'id': None, 'name': '3 meses', 'struct': {'number': 3, 'unit': 'meses'}}]",number_unit,MLA,Mi 360° Home Security Camera 2k Pro Color Blanco,130326065,MLA5959,,85000.0,85000.0,,ARS,10,MLA18597187
MLA1975516840,Facturación,6891888,No factura,,"[{'id': '6891888', 'name': 'No factura', 'struct': None}]",list,MLA,Mi 360° Home Security Camera 2k Pro Color Blanco,130326065,MLA5959,,85000.0,85000.0,,ARS,10,MLA18597187
MLA1394909146,Tipo de garantía,6150835,Sin garantía,,"[{'id': '6150835', 'name': 'Sin garantía', 'struct': None}]",list,MLA,Flex Boton Encendido Sensor Huella P/ Xiaomi Mi 11 Lite,625052667,MLA10617,,15900.0,15900.0,,ARS,364,
MLA1108048446,Tipo de garantía,2230279,Garantía de fábrica,,"[{'id': '2230279', 'name': 'Garantía de fábrica', 'struct': None}]",list,MLA,Monitor Temperatura Y Humedad  Xiaomi Mi Home Monitor 2,164041557,MLA4625,71168,26968.0,26968.0,31014,ARS,154,
MLA1108048446,Tiempo de garantía,,3 meses,"{'number': 3, 'unit': 'meses'}","[{'id': None, 'name': '3 meses', 'struct': {'number': 3, 'unit': 'meses'}}]",number_unit,MLA,Monitor Temperatura Y Humedad  Xiaomi Mi Home Monitor 2,164041557,MLA4625,71168,26968.0,26968.0,31014,ARS,154,
MLA1108048446,Cantidad máxima de compra,,15,,"[{'id': None, 'name': '15', 'struct': None}]",number,MLA,Monitor Temperatura Y Humedad  Xiaomi Mi Home Monitor 2,164041557,MLA4625,71168,26968.0,26968.0,31014,ARS,154,
MLA1747929220,Tipo de garantía,2230279,Garantía de fábrica,,"[{'id': '2230279', 'name': 'Garantía de fábrica', 'struct': None}]",list,MLA,Xiaomi Mi Home 2k Pro Security Camara 360° Wifi Altavoz App,23742253,MLA5959,87690,119999.0,119999.0,,ARS,32,MLA18597186
MLA1747929220,Tiempo de garantía,,6 meses,"{'number': 6, 'unit': 'meses'}","[{'id': None, 'name': '6 meses', 'struct': {'number': 6, 'unit': 'meses'}}]",number_unit,MLA,Xiaomi Mi Home 2k Pro Security Camara 360° Wifi Altavoz App,23742253,MLA5959,87690,119999.0,119999.0,,ARS,32,MLA18597186
MLA1747929220,Facturación,6891885,Factura A,,"[{'id': '6891885', 'name': 'Factura A', 'struct': None}]",list,MLA,Xiaomi Mi Home 2k Pro Security Camara 360° Wifi Altavoz App,23742253,MLA5959,87690,119999.0,119999.0,,ARS,32,MLA18597186
MLA1947681362,Facturación,6891885,Factura A,,"[{'id': '6891885', 'name': 'Factura A', 'struct': None}]",list,MLA,Xiaomi Smart Band 9 Midnight Black,402537206,MLA352679,,69500.0,69500.0,,ARS,1828,MLA39425855
MLA1947681362,Tiempo de garantía,,6 meses,"{'number': 6, 'unit': 'meses'}","[{'id': None, 'name': '6 meses', 'struct': {'number': 6, 'unit': 'meses'}}]",number_unit,MLA,Xiaomi Smart Band 9 Midnight Black,402537206,MLA352679,,69500.0,69500.0,,ARS,1828,MLA39425855
MLA1947681362,Tipo de garantía,2230279,Garantía de fábrica,,"[{'id': '2230279', 'name': 'Garantía de fábrica', 'struct': None}]",list,MLA,Xiaomi Smart Band 9 Midnight Black,402537206,MLA352679,,69500.0,69500.0,,ARS,1828,MLA39425855
MLA1459242345,Facturación,6891888,No factura,,"[{'id': '6891888', 'name': 'No factura', 'struct': None}]",list,MLA,Xiaomi Mi Tv Stick Full Hd 8gb Chromecast Streaming Con Control Color Negro,354301541,MLA352001,,104500.0,104500.0,,ARS,1029,MLA15984003
MLA1459242345,Tipo de garantía,6150835,Sin garantía,,"[{'id': '6150835', 'name': 'Sin garantía', 'struct': None}]",list,MLA,Xiaomi Mi Tv Stick Full Hd 8gb Chromecast Streaming Con Control Color Negro,354301541,MLA352001,,104500.0,104500.0,,ARS,1029,MLA15984003
MLA1387113571,Facturación,6891885,Factura A,,"[{'id': '6891885', 'name': 'Factura A', 'struct': None}]",list,MLA,Cámara Inteligente Xiaomi C300,164041557,MLA5959,71168,136735.0,136735.0,,ARS,5,MLA24557229
MLA1941856180,Tipo de garantía,2230280,Garantía del vendedor,,"[{'id': '2230280', 'name': 'Garantía del vendedor', 'struct': None}]",list,MLA,Monitor De Temperatura Y Humedad Xiaomi Mi Home Monitor 2 Color Blanco,121656806,MLA417889,,21383.0,21383.0,,ARS,1,MLA28650568
MLA1941856180,Tiempo de garantía,,30 días,"{'number': 30, 'unit': 'días'}","[{'id': None, 'name': '30 días', 'struct': {'number': 30, 'unit': 'días'}}]",number_unit,MLA,Monitor De Temperatura Y Humedad Xiaomi Mi Home Monitor 2 Color Blanco,121656806,MLA417889,,21383.0,21383.0,,ARS,1,MLA28650568
MLA1941856180,Facturación,6891888,No factura,,"[{'id': '6891888', 'name': 'No factura', 'struct': None}]",list,MLA,Monitor De Temperatura Y Humedad Xiaomi Mi Home Monitor 2 Color Blanco,121656806,MLA417889,,21383.0,21383.0,,ARS,1,MLA28650568
MLA1501478752,Facturación,6891885,Factura A,,"[{'id': '6891885', 'name': 'Factura A', 'struct': None}]",list,MLA,Cámara Inteligente Xiaomi C300,164041557,MLA5959,71168,211939.0,211939.0,,ARS,3,MLA24557229
MLA1469436368,Tipo de garantía,6150835,Sin garantía,,"[{'id': '6150835', 'name': 'Sin garantía', 'struct': None}]",list,MLA,Soporte Pared P/ Camara Seguridad Xiaomi Mi Home Nextsale,738783679,MLA92638,133542,10900.0,10900.0,,ARS,3082,
MLA1457581791,Facturación,6891885,Factura A,,"[{'id': '6891885', 'name': 'Factura A', 'struct': None}]",list,MLA,Balanza Xiaomi Mi Body Composition Scale S400 Báscula Smart Digital Bluetooth Medición De Doble Frecuencia 25 Indicadores De Salud Hasta 150kg Color Blanco,257077964,MLA9554,52187,69999.0,69999.0,,ARS,1160,MLA38252447
MLA1457581791,Tiempo de garantía,,6 meses,"{'number': 6, 'unit': 'meses'}","[{'id': None, 'name': '6 meses', 'struct': {'number': 6, 'unit': 'meses'}}]",number_unit,MLA,Balanza Xiaomi Mi Body Composition Scale S400 Báscula Smart Digital Bluetooth Medición De Doble Frecuencia 25 Indicadores De Salud Hasta 150kg Color Blanco,257077964,MLA9554,52187,69999.0,69999.0,,ARS,1160,MLA38252447
MLA1457581791,Tipo de garantía,2230280,Garantía del vendedor,,"[{'id': '2230280', 'name': 'Garantía del vendedor', 'struct': None}]",list,MLA,Balanza Xiaomi Mi Body Composition Scale S400 Báscula Smart Digital Bluetooth Medición De Doble Frecuencia 25 Indicadores De Salud Hasta 150kg Color Blanco,257077964,MLA9554,52187,69999.0,69999.0,,ARS,1160,MLA38252447
MLA1441658477,Facturación,6891885,Factura A,,"[{'id': '6891885', 'name': 'Factura A', 'struct': None}]",list,MLA,Mi Tv Stick Xiaomi 4k Mdz-27-eu 2.ª Generación Color Negro,666749750,MLA352001,74466,110999.0,110999.0,,ARS,572,MLA38431087
MLA1441658477,Tiempo de garantía,,12 meses,"{'number': 12, 'unit': 'meses'}","[{'id': None, 'name': '12 meses', 'struct': {'number': 12, 'unit': 'meses'}}]",number_unit,MLA,Mi Tv Stick Xiaomi 4k Mdz-27-eu 2.ª Generación Color Negro,666749750,MLA352001,74466,110999.0,110999.0,,ARS,572,MLA38431087
MLA1441658477,Tipo de garantía,2230279,Garantía de fábrica,,"[{'id': '2230279', 'name': 'Garantía de fábrica', 'struct': None}]",list,MLA,Mi Tv Stick Xiaomi 4k Mdz-27-eu 2.ª Generación Color Negro,666749750,MLA352001,74466,110999.0,110999.0,,ARS,572,MLA38431087
MLA1446303473,Tipo de garantía,6150835,Sin garantía,,"[{'id': '6150835', 'name': 'Sin garantía', 'struct': None}]",list,MLA,Soporte De Pared Camara De Seguridad Xiaomi Mi Home 360,50753362,MLA92638,,4699.0,4699.0,,ARS,100,
MLA795707880,Tipo de garantía,6150835,Sin garantía,,"[{'id': '6150835', 'name': 'Sin garantía', 'struct': None}]",list,MLA,Flex Boton Home Joystick Xiaomi Redmi Mi A2 Lite Redmi 6 Pro,245645298,MLA433156,54265,9100.0,9100.0,,ARS,23,
MLA1162615038,Tipo de garantía,2230279,Garantía de fábrica,,"[{'id': '2230279', 'name': 'Garantía de fábrica', 'struct': None}]",list,MLA,Malla Para Xiaomi Mi Band 7 Band 6 Band 5 Y Amazfit Band 5,1189727645,MLA434353,,2299.0,2299.0,,ARS,16729,MLA27335910
MLA1162615038,Tiempo de garantía,,3 meses,"{'number': 3, 'unit': 'meses'}","[{'id': None, 'name': '3 meses', 'struct': {'number': 3, 'unit': 'meses'}}]",number_unit,MLA,Malla Para Xiaomi Mi Band 7 Band 6 Band 5 Y Amazfit Band 5,1189727645,MLA434353,,2299.0,2299.0,,ARS,16729,MLA27335910
MLA1400020761,Tipo de garantía,2230279,Garantía de fábrica,,"[{'id': '2230279', 'name': 'Garantía de fábrica', 'struct': None}]",list,MLA,Cable De Carga Xiaomi Mi Smart Band 5 Color Negro,164041557,MLA417755,71168,6209.0,6209.0,,ARS,217,MLA29206462
MLA1400020761,Tiempo de garantía,,30 días,"{'number': 30, 'unit': 'días'}","[{'id': None, 'name': '30 días', 'struct': {'number': 30, 'unit': 'días'}}]",number_unit,MLA,Cable De Carga Xiaomi Mi Smart Band 5 Color Negro,164041557,MLA417755,71168,6209.0,6209.0,,ARS,217,MLA29206462
MLA1400020761,Cantidad máxima de compra,,1,,"[{'id': None, 'name': '1', 'struct': None}]",number,MLA,Cable De Carga Xiaomi Mi Smart Band 5 Color Negro,164041557,MLA417755,71168,6209.0,6209.0,,ARS,217,MLA29206462
MLA2026813538,Tipo de garantía,6150835,Sin garantía,,"[{'id': '6150835', 'name': 'Sin garantía', 'struct': None}]",list,MLA,Flex Lector Huella Sensor Home Para Xiaomi Mi 6a,245645298,MLA10617,54265,6700.0,6700.0,,ARS,10,MLA46925273
MLA1366218755,Tipo de garantía,2230279,Garantía de fábrica,,"[{'id': '2230279', 'name': 'Garantía de fábrica', 'struct': None}]",list,MLA,Pack X 3 Correa Pulsera Para Xiaomi Smart Band 3 4 5 6 7,396505965,MLA417313,,18725.0,18725.0,,ARS,36199,
MLA1366218755,Tiempo de garantía,,1 meses,"{'number': 1, 'unit': 'meses'}","[{'id': None, 'name': '1 meses', 'struct': {'number': 1, 'unit': 'meses'}}]",number_unit,MLA,Pack X 3 Correa Pulsera Para Xiaomi Smart Band 3 4 5 6 7,396505965,MLA417313,,18725.0,18725.0,,ARS,36199,
MLA1447441101,Tipo de garantía,2230279,Garantía de fábrica,,"[{'id': '2230279', 'name': 'Garantía de fábrica', 'struct': None}]",list,MLA,Malla Correa Para Xiaomi Mi Smart Band 9 Enganche Acero,396505965,MLA417313,,17475.0,17475.0,,ARS,884,
MLA1447441101,Tiempo de garantía,,1 meses,"{'number': 1, 'unit': 'meses'}","[{'id': None, 'name': '1 meses', 'struct': {'number': 1, 'unit': 'meses'}}]",number_unit,MLA,Malla Correa Para Xiaomi Mi Smart Band 9 Enganche Acero,396505965,MLA417313,,17475.0,17475.0,,ARS,884,
MLA879144197,Tipo de garantía,2230280,Garantía del vendedor,,"[{'id': '2230280', 'name': 'Garantía del vendedor', 'struct': None}]",list,MLA,Cable Flex Boton Home Sensor Huella Para Xiaomi Mi 9 Mi9,233074578,MLA10617,,17056.43,17056.43,,ARS,10,
MLA879144197,Tiempo de garantía,,30 días,"{'number': 30, 'unit': 'días'}","[{'id': None, 'name': '30 días', 'struct': {'number': 30, 'unit': 'días'}}]",number_unit,MLA,Cable Flex Boton Home Sensor Huella Para Xiaomi Mi 9 Mi9,233074578,MLA10617,,17056.43,17056.43,,ARS,10,
MLA1772795860,Tipo de garantía,6150835,Sin garantía,,"[{'id': '6150835', 'name': 'Sin garantía', 'struct': None}]",list,MLA,Flex Boton Home Joystick Para Xiaomi Redmi Mi A1,245645298,MLA433156,54265,7900.0,7900.0,,ARS,10,
MLA1392637481,Facturación,6891885,Factura A,,"[{'id': '6891885', 'name': 'Factura A', 'struct': None}]",list,MLA,"Xiaomi Mi Band 8 Smartwatch Sport, Caja Dorada, Malla Blanca, Pantalla Amoled 1.62 , 16 Días Batería",294490958,MLA352679,53697,65584.0,65584.0,,ARS,62,MLA27295325
MLA1392637481,Tipo de garantía,2230280,Garantía del vendedor,,"[{'id': '2230280', 'name': 'Garantía del vendedor', 'struct': None}]",list,MLA,"Xiaomi Mi Band 8 Smartwatch Sport, Caja Dorada, Malla Blanca, Pantalla Amoled 1.62 , 16 Días Batería",294490958,MLA352679,53697,65584.0,65584.0,,ARS,62,MLA27295325
MLA1392637481,Tiempo de garantía,,3 meses,"{'number': 3, 'unit': 'meses'}","[{'id': None, 'name': '3 meses', 'struct': {'number': 3, 'unit': 'meses'}}]",number_unit,MLA,"Xiaomi Mi Band 8 Smartwatch Sport, Caja Dorada, Malla Blanca, Pantalla Amoled 1.62 , 16 Días Batería",294490958,MLA352679,53697,65584.0,65584.0,,ARS,62,MLA27295325
MLA1468295235,Facturación,6891885,Factura A,,"[{'id': '6891885', 'name': 'Factura A', 'struct': None}]",list,MLA,Malla Metalica Compatible Con Reloj Mi Smart Band 8 9 Xiaomi 1.62 Generica Marca Miaband Color Negro,542888025,MLA417313,55417,49975.0,49975.0,,ARS,56,MLA44813917
MLA1468295235,Tipo de garantía,2230279,Garantía de fábrica,,"[{'id': '2230279', 'name': 'Garantía de fábrica', 'struct': None}]",list,MLA,Malla Metalica Compatible Con Reloj Mi Smart Band 8 9 Xiaomi 1.62 Generica Marca Miaband Color Negro,542888025,MLA417313,55417,49975.0,49975.0,,ARS,56,MLA44813917
MLA1468295235,Tiempo de garantía,,1 meses,"{'number': 1, 'unit': 'meses'}","[{'id': None, 'name': '1 meses', 'struct': {'number': 1, 'unit': 'meses'}}]",number_unit,MLA,Malla Metalica Compatible Con Reloj Mi Smart Band 8 9 Xiaomi 1.62 Generica Marca Miaband Color Negro,542888025,MLA417313,55417,49975.0,49975.0,,ARS,56,MLA44813917
MLA2023938474,Tiempo de garantía,,1 años,"{'number': 1, 'unit': 'años'}","[{'id': None, 'name': '1 años', 'struct': {'number': 1, 'unit': 'años'}}]",number_unit,MLA,Camara De Seguridad Xiaomi Mi 360 Home Security 2k Pro Wifi Blanco,2015327276,MLA417835,,92300.0,92300.0,,ARS,6,MLA42123724
MLA2023938474,Facturación,6891888,No factura,,"[{'id': '6891888', 'name': 'No factura', 'struct': None}]",list,MLA,Camara De Seguridad Xiaomi Mi 360 Home Security 2k Pro Wifi Blanco,2015327276,MLA417835,,92300.0,92300.0,,ARS,6,MLA42123724
MLA2023938474,Tipo de garantía,2230279,Garantía de fábrica,,"[{'id': '2230279', 'name': 'Garantía de fábrica', 'struct': None}]",list,MLA,Camara De Seguridad Xiaomi Mi 360 Home Security 2k Pro Wifi Blanco,2015327276,MLA417835,,92300.0,92300.0,,ARS,6,MLA42123724
MLA1772728398,Tipo de garantía,6150835,Sin garantía,,"[{'id': '6150835', 'name': 'Sin garantía', 'struct': None}]",list,MLA,Flex Boton Home Joystick Para Xiaomi Mi A2 / Mi 6x,245645298,MLA433156,54265,9100.0,9100.0,,ARS,9,
MLA1736580132,Tipo de garantía,2230279,Garantía de fábrica,,"[{'id': '2230279', 'name': 'Garantía de fábrica', 'struct': None}]",list,MLA,Malla Para Mi Smart Band 8 Xiaomi 1.62  Enganche Acero Metal,542888025,MLA417313,55417,17475.0,17475.0,,ARS,1842,
MLA1736580132,Tiempo de garantía,,1 meses,"{'number': 1, 'unit': 'meses'}","[{'id': None, 'name': '1 meses', 'struct': {'number': 1, 'unit': 'meses'}}]",number_unit,MLA,Malla Para Mi Smart Band 8 Xiaomi 1.62  Enganche Acero Metal,542888025,MLA417313,55417,17475.0,17475.0,,ARS,1842,
MLA1931185004,Tipo de garantía,6150835,Sin garantía,,"[{'id': '6150835', 'name': 'Sin garantía', 'struct': None}]",list,MLA,Vidrio Templado Glass Full Para Xiaomi Mi Band 9 Smart,533520310,MLA417718,,3999.0,3999.0,,ARS,104,
MLA1429682039,Tipo de garantía,2230280,Garantía del vendedor,,"[{'id': '2230280', 'name': 'Garantía del vendedor', 'struct': None}]",list,MLA,Flex Boton Home Lector Huella Para Xiaomi Redmi 5x Mi A1,667046582,MLA10617,,7999.99,7999.99,,ARS,1,
MLA1429682039,Tiempo de garantía,,3 meses,"{'number': 3, 'unit': 'meses'}","[{'id': None, 'name': '3 meses', 'struct': {'number': 3, 'unit': 'meses'}}]",number_unit,MLA,Flex Boton Home Lector Huella Para Xiaomi Redmi 5x Mi A1,667046582,MLA10617,,7999.99,7999.99,,ARS,1,
